date,PC1,PC2,PC3,PC4,PC5,PC6
1996-12-01,0.1033744150600111,1.038964187897827,0.047573376309810844,0.21842493206596414,-0.7359651636177215,-0.1945569982427727
1997-01-01,0.2855669459797039,1.4222478204266276,-0.39259094840544595,0.05681977670149885,-0.39326203425924766,-0.31184121364805156
1997-02-01,-0.34399401280856057,0.5474394927774356,-1.64994711666939,-0.03530707532616795,-0.05823671073790748,0.17421724440758257
1997-03-01,1.1288647205532647,-2.0399559284667967,0.19184469404404442,0.7690684857115306,0.32053825128017444,0.7292880051296439
1997-04-01,1.7613576279528727,-2.445933432565145,0.26174617911371595,0.8445838475159431,0.8112128866080361,0.3354771308130638
1997-05-01,1.9001800538667966,-1.8544025153515176,-0.2850512825972874,-0.16320955510180257,0.5843539792329087,0.2254991705598472
1997-06-01,1.3670233852113443,-1.9266309323860993,0.12654658962663135,0.30519218965026584,0.2520086133243493,0.3186939329233149
1997-07-01,1.2967068027882642,-1.8642149534799164,-0.46769152778339707,0.2707353865297504,0.6551769892598627,0.059952441605387805
1997-08-01,1.2779729490909686,-1.4344186941341261,-0.3122114203303161,-0.13799372398055543,0.6067888684539289,0.25976908212018557
1997-09-01,0.970320863079313,-0.9406433656794175,-0.1410657511833735,0.28447850780446493,0.13803613791137792,0.39965078547980715
1997-10-01,1.183005673021773,-0.4688986834033536,-0.6464001329724942,-0.010298722668096394,0.3829172782532979,0.2617894892957279
1997-11-01,1.189710024062994,-0.5016465695373107,-0.5646492431026056,-0.3053038965652659,0.10242693346497034,0.16271109739249945
1997-12-01,0.43063032395440315,-1.4728097319348277,-0.7663698754274813,0.07877422996646666,-0.03855013896860837,0.18313375905542756
1998-01-01,0.570953956510635,-2.7622954500219743,-1.00830015278756,0.49056226884580423,0.7127172171564313,0.46185481546013274
1998-02-01,0.008852652502006286,-2.244113374141154,-1.3821585711332995,0.4245305109966755,0.5888761196772136,0.6444771725663042
1998-03-01,-1.0682531423572432,-1.4975957743559278,-1.869851254427236,0.5672353736433318,0.343209107617215,0.639927200606762
1998-04-01,-0.4385313654068087,-0.8710279902780881,-3.1030074897792606,-0.4904928203684127,0.9534197568484919,0.3887350285825932
1998-05-01,-0.0004108904529134261,-0.9166058440906003,-1.7457602495807205,0.08257654857227248,0.48347430634850763,0.5273287728157472
1998-06-01,0.9400130781248182,-1.6182792125100047,0.11058887465933886,0.6300848937214516,0.2944427913772776,0.6364800299413418
1998-07-01,0.5485653493612439,-1.119116181147632,-0.3086484147166124,0.8138143207208248,0.6183240064663167,0.11983680261975398
1998-08-01,0.5699909384999167,-1.5223841032700398,-0.16321196951456396,0.8804122599516104,0.3762274845704845,0.3713706338186616
1998-09-01,-0.6674145384983807,-1.228630289733561,-0.5751200195501449,1.2077297195769772,-0.017765643696608713,0.3723728415357244
1998-10-01,-1.919989935581556,-0.02973114705276947,-2.973070779358209,0.6735901127068757,0.45413594095951537,-0.07555045941421386
1998-11-01,-1.403133766661544,-0.7239124800579276,-2.967465682686756,0.1498922272973502,0.4137311060847553,0.09963982443363091
1998-12-01,-1.405962181668451,-1.642618479271511,-2.801294957416739,0.30716446850732426,0.26879420040723145,0.21256031524572766
1999-01-01,-0.7350691259447281,-1.2127666161354316,-2.602806717341368,0.042926498191264484,0.6952987150779286,0.21306318875951752
1999-02-01,-0.8999703572024795,-1.4948309822651913,-1.861143124744739,0.7193964977910432,0.2576148398581424,0.43318175633993505
1999-03-01,0.14626251968414272,-1.0963622379871982,-2.061746990243096,-0.31358275372269284,0.665685662634109,0.7899209467365276
1999-04-01,0.04124648410784548,0.17550807443335892,-1.5392261923651114,0.41430067638471946,0.49167563232849365,0.7469303221383237
1999-05-01,0.5538630887628719,0.991657545934639,-1.2518906968102825,-0.48233284418729516,0.03654042496420806,0.29847438205358656
1999-06-01,0.18912832361214238,1.2512528886192893,-0.5941899352666409,-0.14677547560981186,-0.5412262934567452,0.011684987868182964
1999-07-01,0.8038046625124289,1.3242081047520684,-0.017121581875458758,0.26685011093278366,-0.2810245691928528,-0.3038190347544864
1999-08-01,1.4253630192411673,1.3007161848745064,0.27589382461035683,-0.29274045524917436,-0.24980484277110127,-0.1393543766422266
1999-09-01,2.0947729703846143,0.9202222188229076,1.1703567712171203,-0.1351609073402058,-0.21464196798197,0.14572615581369952
1999-10-01,2.3582782541974905,0.5286176290455241,0.3548494041839955,-0.2223633473266351,0.3606576600596689,-0.27619527419571327
1999-11-01,2.2834977591278016,0.2856724466070356,0.7600722814941592,-0.21297828060618262,-0.03128127123263025,-0.17386295521774098
1999-12-01,1.9424334091035798,0.025639577008790493,-0.009277554735071747,-0.6528211105028645,-0.0346253928838296,-0.08648462430453535
2000-01-01,1.9063941690989017,0.07730460560708097,0.33993592469931155,-0.2752900133566679,0.024116494204272754,-0.10063773872470988
2000-02-01,1.6580010707331603,0.5142126241700394,1.194061837234238,0.24405118640846868,-0.2340919356905854,0.2467567352433614
2000-03-01,2.0863478434377356,0.7857329028896664,0.7679265499899823,-0.08954803662149868,-0.13987598900526943,0.6301405669446449
2000-04-01,2.5738426384388178,0.4621863875271658,0.2859619857836772,-0.4288772673850142,0.4374055296025259,-0.0363240110459653
2000-05-01,1.7341136219244162,0.5592061014880519,1.122081290653231,0.27648975079188554,-0.2833300453787977,-0.1030119985074599
2000-06-01,1.6631752527138608,0.9798395814492576,1.4654387427734965,0.11651683974499338,-0.3419090960380493,0.031186582043603528
2000-07-01,1.2856836846222248,0.723114023473106,1.1870570888985257,0.22088072786849744,-0.2894289930215357,-0.033004698698553124
2000-08-01,0.2682049380957112,0.3285846808511915,1.3870427202608124,0.7572440317505571,-0.6063795956582828,-0.06178458850567632
2000-09-01,1.2953778686025634,0.6308162370283102,0.5831147433530453,-0.5491330740066963,-0.1424838686058254,0.1549003510773148
2000-10-01,1.0812159527477117,0.6722629776619574,0.5400890357381398,-0.37411829595547486,0.021557142888747882,-0.15796851517383137
2000-11-01,0.8723237629861997,0.3372618291371333,0.3643847293790959,-0.27376730668021365,-0.23141809514347433,-0.08093351931836759
2000-12-01,0.6575264285996671,0.5995335870852111,0.18536294309625834,-0.35634839015420083,-0.5639824837424188,-0.18829108679010337
2001-01-01,-1.5452104698560305,2.131102570733356,0.5402283322600232,1.1835913800011997,-1.2896161466769764,-0.21105552054319987
2001-02-01,-2.286239836910907,1.595543748565301,-0.813158562257744,1.2304504823249998,-1.0592075599487014,0.1653958760877629
2001-03-01,-2.547118902803864,0.967359887549026,-0.7310882053929069,1.3947769564901655,-0.8473127252650917,0.17439019063730665
2001-04-01,-3.0273588523223536,1.2280663370412035,-0.3395121815323232,1.2813687731391257,0.24985545354075134,-0.3147765488180434
2001-05-01,-2.727326839444557,1.1974101172403144,-0.4377161376554941,0.5115967082263921,0.49736150689823666,-0.008369963061528554
2001-06-01,-3.3769269164419384,0.3996520994656504,0.18864610671307508,0.6200238560548121,0.6985426582111622,0.09153240744653109
2001-07-01,-3.8049048562294914,-0.8210927139744513,0.3665617463002228,0.3566705473768359,0.974034897233891,0.08009367247952225
2001-08-01,-4.107412360931834,-0.9828237774406259,0.8436467454206642,0.33215746461407236,0.96001727409542,0.060677573126935544
2001-09-01,-4.151845171393962,-0.7847166828488725,0.7839414425997736,0.09562097685049253,1.210448836472138,0.2983979314864159
2001-10-01,-4.4368437185697385,-1.50911052318245,0.5857721974111353,0.37081301653436416,1.4507207566463907,-0.27366193528712157
2001-11-01,-4.333362633216749,-1.4093054764978334,0.6463967996237814,0.09151371977597744,1.0905029774307853,-0.42818668180534636
2001-12-01,-4.265571542594854,-1.7660138128808525,0.6190074648391861,-0.17642572391098332,0.550254206632834,-0.9273816915675976
2002-01-01,-3.6274233046602613,-1.3593722489829871,0.43101916352520325,0.15087709987895304,1.1356308737128593,-1.4465511566548366
2002-02-01,-3.250929782104283,-1.0159041355284901,0.4581378671539132,0.18824273609261066,1.2543451205256282,-0.5909201004207919
2002-03-01,-2.744364505053312,-0.14418363919973165,0.4676427604995521,0.4539329638321792,1.532396064500509,0.4418467949240793
2002-04-01,-2.4985372508998767,0.38632148967523483,0.6305289379741164,0.8292054038970023,1.7827253101787377,0.32624465830158317
2002-05-01,-2.273705064134198,0.1931401673703711,0.6367924936585629,0.301761757452079,1.2332016388740559,0.1553386516000178
2002-06-01,-2.0797489918907957,0.2141832329504353,0.694440904356202,0.06207967662254399,0.8262224011652279,0.10154978489227219
2002-07-01,-1.8985266896128163,0.4449169009382897,0.7770483387260156,0.042683225861601004,0.9715328031064305,-0.2864499543587704
2002-08-01,-1.5184479629787342,0.7116116287695299,0.747814590092586,-0.36590830912498895,0.8642715212507392,-0.057757747161044135
2002-09-01,-1.319174919554839,1.278615973645934,1.0584704656109742,-0.8683332846927762,0.7122309332304126,-0.1363874420709209
2002-10-01,-0.7692105414857164,1.3530080939368676,0.7898540945595596,-0.7706869962563667,0.6312181569282904,-0.3881594844841098
2002-11-01,-3.7355649966942734,1.9652569707213008,-0.4772969635562012,0.20955385659682713,-0.20860521900495466,-0.5873513911785545
2002-12-01,-4.142730559175728,1.4109159899734194,0.667882747254181,-0.1538732738674795,0.22157226969777133,-0.7312852779072914
2003-01-01,-1.7646955762752934,2.090954776084789,-0.16914827298448698,-0.6329760769961292,0.5118935139089724,-0.7167331913054578
2003-02-01,-2.4756066226741087,2.618014856217447,1.1674289020745947,-0.5315759217670093,1.1432366790366095,0.004524509218766751
2003-03-01,-2.663217054394827,2.674202461245598,1.6768147977208496,-1.0315283838639002,1.5976594629865455,0.18809317219469796
2003-04-01,-3.0273716612828325,1.1517734054106543,1.5142877988868944,0.05981162351237024,1.5424435205163147,-0.46811313958518935
2003-05-01,-2.971379186213854,0.7755624675188973,1.5089426562017287,0.25334852829997834,0.7960100425774352,-0.527998122766362
2003-06-01,-3.0760965169180885,0.9635290501369601,1.64991041812402,0.42001034308155094,0.35687899265615286,-0.4917565532007974
2003-07-01,-2.762843111208391,0.9798054215669955,0.58869729409938,0.320459184041507,1.0218908863348617,-0.9982053038106823
2003-08-01,-2.295609393044359,0.8515410929797961,0.5200646254528913,-0.16511183165793575,1.0237534465644718,-0.43876415028367066
2003-09-01,-1.9493043235712466,0.8760446105087819,0.21821097481085533,-0.0502460042078956,0.5670160319831334,-0.1486497247633755
2003-10-01,-1.0215558268485252,0.9353183677403533,-0.7747362129167181,-0.0023104117077643593,0.19817357544376812,-0.6546098876350022
2003-11-01,-0.22283611990325003,0.3311209089215469,-1.406025619519186,-0.8548061001119013,-0.008010674240085947,-0.6576107645623636
2003-12-01,0.15596562686471738,0.38265527993204984,-1.5718064315343672,-1.019910884290728,-0.5402360375099862,-0.7498022060774785
2004-01-01,0.8724716732264239,1.4836806341367104,-1.3959022268880477,-0.3682707612953714,-0.5163945014665685,-0.29982629656792936
2004-02-01,0.9884102628381051,1.5785356480966497,-1.2226359078007139,-0.36700986538007174,-0.12889815035629637,0.45082203947630595
2004-03-01,0.6429396011683264,1.8151430479027808,-0.8615701643092335,0.334381927827452,-0.6544773122747267,0.5868509838720691
2004-04-01,1.0993033432182342,1.7719038556184499,-1.030784339492207,-0.012492426131220702,-0.3167963992282826,0.1159377933867742
2004-05-01,0.9879182488978087,1.7678495005332153,-0.7723289010605425,-0.00930961858569912,-0.4568753395515825,0.24356128517778391
2004-06-01,1.9227486351645422,0.7444830024584767,0.8307511334948725,0.10682541479784535,-0.3474139310153057,0.3046669486218185
2004-07-01,2.820875761186643,-0.029713644813258,1.7324114676617575,0.06757057518076492,0.049574690640398655,-0.19579447763547436
2004-08-01,2.5412477121748487,-0.09184570313467777,1.3815421307385665,-0.35565876764743387,-0.031011987197498425,-0.15303270282859713
2004-09-01,2.223188244818576,-0.264087067429138,1.1809786489547482,-0.3459459442238543,-0.11178012701181139,-0.05051335720792971
2004-10-01,1.9758619840348737,0.30742057930012334,1.176816928603403,0.35492042825831316,-0.14240225496563075,-0.3583687456786315
2004-11-01,2.0640039542473745,0.3250383490607883,0.9834492522877778,-0.28546486457658937,-0.17357675767207192,-0.2628109808912251
2004-12-01,1.736382887040023,-0.22056718545096454,0.9886928654376327,-0.3144616569703429,-0.3998822415078222,-0.3781976179520326
2005-01-01,1.9696849959070395,-0.012626165954626178,0.5822094149585557,-0.34741530711113366,0.05016715935991567,-0.5846755496423787
2005-02-01,1.6229122148049466,0.32973164462013227,0.8640457509277303,0.36389091107881955,-0.23981820365661521,0.03537429778187047
2005-03-01,2.375225489008357,0.9226463320958908,0.36781060658676484,-0.48322786729752365,0.1758453847609499,0.5707464673384395
2005-04-01,2.325246675033176,1.0985550149085008,0.3574832939698704,-0.03322869015483154,0.0874269673320287,0.4338725907487584
2005-05-01,2.2200383986267958,0.3801707465612617,0.25576556664850725,-0.4522404922100246,-0.009592764933866293,0.26657674906442086
2005-06-01,2.1058264710135415,0.1287054517981988,0.0752057386061975,-0.6767647822238548,-0.12191610116685536,0.20059630955967062
2005-07-01,2.17491268503719,0.5928083560537137,0.31467941619990863,-0.2168036845269855,-0.04932062563220774,-0.12530434759327727
2005-08-01,2.2291124222372414,0.6425686846676991,0.4456361998930115,-0.3980631489791506,-0.09481168482801461,0.0960719186048211
2005-09-01,1.8557755863982988,1.399259200148168,0.942855980472777,-0.11937644961659466,-0.26585641431778584,0.3103066170871517
2005-10-01,1.740028493107482,1.3184816351601913,1.0226654767540633,-0.03164760898674768,-0.13112662217591697,-0.16733209593433962
2005-11-01,1.4918756556755248,0.27807388481765993,0.9137452005092275,-0.037547880321531446,-0.5021011467453458,-0.39292452357653485
2005-12-01,1.5446817690640953,-0.18460336368795394,0.6906733192945516,-0.47048016621951116,-0.5144579906792925,-0.5175811261696872
2006-01-01,2.1222350150930707,0.06639049572749411,0.21507952038475908,-0.48057651168901105,0.1990935436914174,-0.5502418460152165
2006-02-01,1.6533232991486995,-0.4659096685064102,0.35050700771306625,-0.029747561385480292,-0.0651903368080764,-0.21297267025708222
2006-03-01,1.8240622005790055,-0.41208301056260715,0.09941303767363063,-0.205270403769528,0.010492823214517166,0.18643090560984044
2006-04-01,1.8620359146568277,0.04488668876337376,0.29947741375025233,0.0425103176388506,0.21835172421532523,0.24864755091228868
2006-05-01,1.9333031289421778,0.19957050144283006,0.3198006932097505,-0.37994341397719256,0.22933360819521975,0.384713334543555
2006-06-01,1.6025985532812879,0.19272106030096137,0.4429658387268983,-0.3501378280049747,0.04197813009519891,0.34964408344173875
2006-07-01,1.3635313708804566,0.3417885230365806,0.8962117610820277,0.19269882592449195,-0.14182814210070005,0.11839014447830086
2006-08-01,1.2253995521553138,0.7359613861061994,0.9521660425388,0.009607981103602059,-0.44003038319920923,0.04971454626082546
2006-09-01,1.3104613788520156,-0.6774045031798341,0.1275687832743465,-0.6203539811680376,-0.12211060147857622,-0.00410040415592855
2006-10-01,1.0404237708052615,-2.048798452210493,-0.4249329186607329,-0.507851297441531,0.42646322828591576,-0.4243027168559815
2006-11-01,0.8323613114425203,-1.043071617499651,0.04876726860030345,-0.40817248147255747,-0.3756384198792522,-0.7432503664843314
2006-12-01,1.1706153213188188,-0.7019814437107044,-0.21832520501163266,-0.8014324207680257,-0.45489640418529514,-0.7790275643444546
2007-01-01,0.27471647314929837,-1.140377433588543,0.04231176547710247,0.7681137800423379,-0.4460599563824462,-0.8931795915948352
2007-02-01,0.8557141507092623,0.18019397085305056,0.09406218975704694,0.12705260911087324,-0.39658290122711426,-0.3807873502753424
2007-03-01,1.4966673329060525,1.390312966880082,-0.06100580675146494,-0.10562819982629168,-0.08408898219698602,0.5044593343952568
2007-04-01,0.8934090868054061,1.762044999274973,0.3028500686179239,0.5976680815274227,-0.0264991628807677,0.12213200376391224
2007-05-01,1.1283039658711922,1.5934139229272861,-0.07401957454197139,-0.07014556906468905,-0.04019755112306089,0.2561038015524407
2007-06-01,-0.23165804668960743,1.3692070329679504,0.48458348869372975,0.8693163513277076,-0.7224156419088037,0.06341606544994159
2007-07-01,0.05672691720980261,0.846181551470706,1.9549118824097236,1.5515802349533176,-0.7415467422142854,-0.40228677182098155
2007-08-01,-2.7035127891488555,1.4278826710073211,-1.6929360719221458,0.43750264768860414,-0.6090180249500474,-0.5214122683796615
2007-09-01,-2.618434711396862,1.308507980489476,-0.9229017190360738,0.8390743134958929,-0.9194383703269351,-0.43889123737243374
2007-10-01,-2.3264314705760176,1.4176963418605073,-1.053585867353496,0.8398273545210839,-0.7227327551778258,-0.6948695403587671
2007-11-01,-1.9783380550938725,2.0062356534636843,-1.0447989746724453,0.6540700299854243,-0.9795919036202212,-0.4712689022242628
2007-12-01,-2.5668977878814636,1.6606654995317247,-0.5330950112304103,1.5250285135539428,-1.5493473779136413,-0.5112630435673885
2008-01-01,-2.1891377536019743,1.9773728022071917,-0.5203158045583207,1.0500184567468236,-1.3567115568813148,-0.15865286458048472
2008-02-01,-2.1507147158941944,2.175959248813219,-0.8871777339222999,0.4049415224730164,-0.9699324268576743,0.08429772266712977
2008-03-01,-2.3488145344394744,2.6214153622231655,-0.052672432722820406,0.6682640194825047,-0.8129764064867071,0.39400882008197763
2008-04-01,-2.4392008583537796,2.4746316743670422,0.3914767181295392,-0.012861411016694468,0.7423690042087541,-0.11035766187079896
2008-05-01,-3.4572407010020454,2.532482951624554,1.495055584020069,0.22947392756370122,0.7813704472360847,-0.07307692920021022
2008-06-01,-3.368013989973586,2.266186515265995,1.7297854238956891,0.1247816136212534,0.8959716468612486,0.0033013261536340988
2008-07-01,-3.2365753447256806,2.0548240239354296,1.8488730041106474,-0.018877208755557984,0.9218246333059668,-0.15477369457504125
2008-08-01,-3.4279257393955103,1.1437717992005423,1.855959037882639,-0.08214073184618154,0.828336538000962,-0.24867872179223433
2008-09-01,-3.344745984775585,0.7284526252989157,1.648948788414129,-0.4405252046969028,0.9049412387548634,-0.2969385417570564
2008-10-01,-4.562514804285433,-0.7272955385624945,1.4645145674839646,-1.5450764770531036,-0.8890767873437948,1.2065181485831427
2008-11-01,-5.017383168128024,-1.9092854033214812,1.117407096032228,-1.7151171460117127,-0.9940707664204839,0.31365922920085754
2008-12-01,-5.108020268231343,-2.4303899673239413,1.066714851119669,-1.6831375331688918,-1.15337105107844,-0.22135822834621754
2009-01-01,-5.0093878974226485,-2.256908694797528,1.278594879609634,-1.9074190383403509,-1.5516302170336067,0.3787531807414593
2009-02-01,-4.657018765348547,-2.12414334679062,1.3715372528432082,-1.6025660590587414,-1.260330154490148,0.33470480415368026
2009-03-01,-4.375640513873851,-1.9453050118919175,1.3866517133842597,-1.4851622175017583,-1.0666001664101623,0.2871745670276794
2009-04-01,-4.090368237369537,-1.7037171805956088,1.4249711704215378,-1.461631522577438,-1.0546033261289418,0.3824941355458486
2009-05-01,-3.7480181259458805,-1.431748090776241,1.4690055704323526,-1.2681583697191114,-0.9834637684980636,0.39553547122843147
2009-06-01,-3.3239983343449064,-0.9603397315184664,1.4882909778927718,-1.1179956365960952,-0.6998103906111731,0.7087950909985976
2009-07-01,-3.0466508235364165,-0.9101227399501196,1.335783041375712,-0.9838137851932027,-0.40998623087092617,0.48839020975103886
2009-08-01,-2.722312867402813,-0.45387737635589465,1.3822324789368425,-0.8901732064847538,-0.3147856266193854,0.6118928724178505
2009-09-01,-2.587562592199899,-0.1572100922973413,1.3772218800834095,-0.7114151413828649,-0.17792952874654422,0.7093769314414357
2009-10-01,-2.323909350888411,1.0847443918413422,0.9596012227440226,0.05731053421897925,0.8446865990204018,-0.699562256596987
2009-11-01,-2.353264940846392,1.7750563983707792,0.6952318972201513,-0.32591363042892607,0.5140540296745468,-0.8383126759807307
2009-12-01,-2.308029008316911,1.4260068399240038,0.8268452761015765,-0.4946842110308003,0.4263466576615471,-0.9243251072108933
2010-01-01,-2.0346760967648185,1.916005998255585,0.676416302946209,-0.45020546297338193,0.6747922618425286,-0.9596087862644893
2010-02-01,-1.7814388585966445,1.159877025488365,1.0589205257051535,-0.5383981211185714,0.5999706174951043,-0.6320900500848504
2010-03-01,-1.0774669768063172,1.1643727331497264,1.8418062041807346,-0.15243044001416606,0.42741336221935344,-0.07481768402147025
2010-04-01,-0.05471481111209631,0.9385040440514109,2.2241927814919684,0.5416988748116089,0.6453612177590349,-0.3103087142401421
2010-05-01,1.3787222182468057,0.6473335905231835,0.7628756636272629,-0.06834022825720854,0.21970331823433775,0.09001529562744508
2010-06-01,1.4302744113533303,0.09663429555578518,0.03944019486394057,-0.9153725314688678,0.2923302500892271,-0.0026521642041681392
2010-07-01,1.2621483485072615,0.13775909272905273,0.08245313244989327,-0.7622532416481531,0.48835355328101193,-0.3534699386747778
2010-08-01,1.0336766591390476,0.1532047954989123,0.47872141709823673,-0.4389941011465165,0.17982397462773103,-0.14621693926929968
2010-09-01,0.6722620553877667,0.0755465324923642,0.5794506653150017,-0.5410085255664738,0.19269822643178258,-0.09379679297653769
2010-10-01,1.189092797904296,0.5397445559582087,0.13010647911341267,-0.30762763184279274,0.058003960686293765,-0.35679032843717473
2010-11-01,0.0914866468991089,0.8562845521833734,0.9048941083267465,0.7289475789643811,-0.8107215639972634,-0.4036189990953233
2010-12-01,1.0710795790455983,1.3940672245177388,-0.14124912590998073,-0.7435940392452457,-0.27130612641889285,-0.03278461976714181
2011-01-01,0.8853820515761637,1.979680261711711,-0.7077937532408678,-0.9184243859793139,0.16671566077282995,0.4531956091929681
2011-02-01,0.3525309147889877,2.4031390052486135,-1.6949017286321617,-0.7695374463661826,-0.12471824215179306,0.6642531727585963
2011-03-01,-0.06529464474970403,2.564428772048798,-2.2902530738463422,-0.4718258251619548,-0.3945016331530866,0.7730424588575412
2011-04-01,-0.27017326513762585,2.5846224507922044,-2.475320026457241,0.18455042328540472,-0.2852830016295984,-0.004969967688603874
2011-05-01,-0.17518187478376857,1.9826238252337287,-2.059749706001873,-0.18862542902500823,-0.22297505016053365,0.06123435853732258
2011-06-01,-0.3456597823249066,1.4226232193088864,-1.5253612639441931,-0.006739754927008734,-0.5325362311687968,-0.1250410710238724
2011-07-01,-0.3620207487577488,1.2492977195809236,-1.5790620705970635,-0.22205159222794102,-0.24981598189511656,-0.3717492528122531
2011-08-01,-0.10114542518455183,0.6752521702254409,-0.9619934692307393,-0.13218688932173328,-0.3108964106771234,-0.1708662755056119
2011-09-01,-0.3274517609705241,0.6426379647708057,-1.1094450366619566,-0.12057960854916538,-0.5122927396421497,-0.1577877950519873
2011-10-01,-0.027188725218319387,0.16273936014252743,-1.5876755362576482,-0.19365812146492944,0.04753020674366548,-0.6814823139735182
2011-11-01,0.6792363002608033,-0.2209059148457604,-1.751564918534765,-1.1263720496809468,0.1741085186679252,-0.4913429364160052
2011-12-01,0.3292486839373867,-0.8263671504426535,-1.8901419605018164,-1.1353905815597087,-0.025913732618780827,-0.5014329817335289
2012-01-01,0.8071649234018206,-0.7761455988814573,-1.8171860572437704,-0.5491747853006244,0.3937060702677553,-0.5711549631237006
2012-02-01,1.2374608919726944,-0.7701888458136867,-0.8602106745285261,0.03250892114804649,0.3862907490027898,0.2634869566346552
2012-03-01,2.644285844908894,0.1223062332801631,0.8080546680587556,0.24927468645056083,0.38217059163392086,0.943986642580743
2012-04-01,2.1625939265915703,-0.1552152752446,0.7240860724713788,0.3640536739723679,0.5078218169412267,0.5848707339155301
2012-05-01,1.6427573026298923,-1.247875417358849,0.6560888227046505,0.3182384035301482,0.3305546522823404,0.4659078939988778
2012-06-01,0.9293457279683914,-2.156384076704801,0.24921284477628547,0.2959884406589064,0.29767072197049727,0.41996329143373123
2012-07-01,0.743618501543557,-1.8624380196208163,0.18440836836268754,0.2462109584446044,0.15025902315168882,-0.08452120418539888
2012-08-01,0.706233040272559,0.012193380907115414,-0.14049474038148246,-0.20266803240498632,-0.13878067494567958,0.07968373613672992
2012-09-01,1.5244779960682444,0.7989553074375119,-0.19450801127143102,-0.9088028433778005,-0.10258913515108103,0.1911000761616678
2012-10-01,1.5490599914159153,0.021680660920470385,-0.04682099197946199,-0.5647169193441511,0.05406240352373892,-0.06845248153188405
2012-11-01,1.21472383067906,-1.0908503787361363,-0.40844910162016834,-0.6937510782027596,-0.10172228403462491,-0.29882825198117785
2012-12-01,0.5863962695380278,-1.4440112782896835,-0.1980163023552105,-0.13508081506063607,-0.6873419450115962,-0.6766463572415684
2013-01-01,-0.035951453501438246,-0.35386323950360676,-0.6888653085692031,0.5332799931181011,-0.34580568180999316,-1.1329948334812974
2013-02-01,1.195510206117722,0.8471108036200853,-0.7889704420942822,0.04961117316686314,0.1935600446095871,0.2613672502558811
2013-03-01,0.6679828813649091,0.9143269044642225,-1.5727651183545464,-0.45666567110760636,0.2444560854723905,0.3617890032763255
2013-04-01,0.6761109700322683,0.2650655577593791,-0.7548076641263299,-0.07547380986874663,0.005160358901183826,-0.05660605135596461
2013-05-01,-0.6322317808584673,1.1411060287180526,-2.3556718104298664,-0.5742294856091483,-0.1939838350924883,-0.039474681586789157
2013-06-01,-0.7431285975442347,1.1650063376766506,-2.212351416926035,-0.5245606490068336,-0.2970195341432155,0.11343939195522919
2013-07-01,-0.029766692944161566,1.029036715600328,-2.090200448334744,-0.6133563125892042,0.28986164161953254,-0.4041626108342852
2013-08-01,-0.03294566188269732,0.6637890493666118,-2.1350136303977862,-0.7157221877832111,0.12438717003627486,-0.17585463614019473
2013-09-01,-0.13646975084039092,0.3355886551204216,-1.7820925727803478,-0.5361514777115267,-0.04917117466430554,-0.05018173824515803
2013-10-01,-0.18277181212206628,-0.9965388854013169,-1.7316007029600662,0.03419242549874446,0.3032979067160899,-0.5766200449393147
2013-11-01,-0.22519347306839932,-2.081618897436723,-2.2893225223143396,-0.37110132835160237,0.28552374670095015,-0.47507820737041717
2013-12-01,0.08887004457888303,-1.8066754638019837,-1.759976006376765,-0.75112318423821,0.08529438406321754,-0.5770242802672084
2014-01-01,0.17626705083182936,0.04396879488469185,-1.737212080986845,-0.8346157954150462,-0.03142266911444591,-0.014044534558249402
2014-02-01,0.3234895060155769,1.6049377281886303,-1.076330184659872,-0.5557504142682611,-0.21779064329240738,0.5122892316796871
2014-03-01,0.6715767498168825,1.872727419116896,-0.6133255140602281,-0.2630751569466233,-0.2759259818636838,0.9343856254770118
2014-04-01,1.899471207635119,1.560846160765609,-0.48114086738453143,-0.29900105366039886,0.406889132756711,0.1617250353178289
2014-05-01,1.6548506368942117,0.9201151183574586,-0.03697744051464957,-0.03236634050666787,0.14184058491787976,0.28907460060982954
2014-06-01,2.252431542999236,0.3678638358204881,0.4959869687624911,-0.16314274240599191,-0.008320673779660726,0.26004312755090986
2014-07-01,1.3053758912408897,0.438629326646072,-0.22329082807702316,0.17386415019369528,0.13864908929675424,-0.42220855712131783
2014-08-01,1.0237821897355106,-0.1291248789705176,-0.3182021429955838,-0.10370021385993389,-0.08081773041185836,-0.37332498219054494
2014-09-01,1.0121401586188985,-0.4438700462966648,-0.5445795066432779,-0.34182955369412515,-0.12376482587473181,-0.21704637904038926
2014-10-01,0.8539064418093396,-1.6399067551103377,-0.9238481662785778,-0.3901883971983001,0.1363984298431158,-0.3153772112602736
2014-11-01,0.2172266013704769,-2.6991148398481473,-0.9482821509858814,-0.2825525034302633,-0.24536552955039592,-0.6027568953402512
2014-12-01,1.3051942119075366,-4.159816226576854,0.3203668192158032,-0.5628998836386269,-0.5373081662243753,-1.0453012616108084
2015-01-01,0.3963049678098083,-3.999471689093573,-0.16928694835818858,-0.5169120709216283,-0.7722548149632279,-1.8011807099960644
2015-02-01,0.6630023919104,-3.337230422166347,-0.31944900920395547,-0.6887590535644332,-0.6101625768476968,-1.292840939271275
2015-03-01,0.781200169751397,-2.624160976713534,-0.40172700321054045,-0.6615567216368444,-0.24058568358526666,-0.6687380217863481
2015-04-01,1.1514772194853045,-2.4088685448301286,-0.01562687824871456,-0.06371521560297055,0.11163945903529104,-0.8399730735988608
2015-05-01,0.7646480875279353,-1.612592439082809,0.17403803859259964,0.5186932745671222,-0.11815617922452748,-0.2513096905114647
2015-06-01,1.492286054310267,-1.3427464030009144,0.15455337796113056,0.05065552865430023,0.2481970091250305,0.18629610000352653
2015-07-01,1.4725260872849772,-1.263592258538955,-0.1649115814887666,0.022194591772305428,0.3873743686354618,0.008540335143460712
2015-08-01,1.567069140168464,-1.6667801962219246,-0.010415649699384688,-0.25186363462337646,0.2791275124380612,0.052379446618901024
2015-09-01,1.261417414146511,-2.1042108761404235,-0.2569902238852545,-0.3760451158787662,0.2281539579559011,0.084936697157047
2015-10-01,0.22775061168402,-1.9702835321031826,-1.2180934330092144,-0.24363594596574278,0.05795692092961413,0.015607840100594197
2015-11-01,-0.340881602317332,-2.341739835000029,-1.2352044331283756,-0.045500838263751175,-0.24827259243837052,-0.1237600459570807
2015-12-01,1.6769326457958051,-3.7344705860722245,1.0100391082378835,-0.03483004410268031,-0.4067124902142483,-0.3133524085537169
2016-01-01,1.8788400162405399,-3.3761038702591994,0.6388983062519397,-0.34763157404260414,-0.03912336148592266,-0.598871427742564
2016-02-01,1.2015281179765864,-3.107775931926554,0.5686798634862185,-0.15207780759480782,-0.37173320102637236,-0.6985255844723128
2016-03-01,0.7654120461179645,-2.123558751793964,0.351546881159756,0.4850376632588689,-0.19499171866528242,-0.06023538138914887
2016-04-01,0.6993422613837996,-1.1798094493074438,0.33955910106707743,1.5706365857022102,0.5980146120128662,0.007160394313234675
2016-05-01,1.4132331792212889,-0.712480209146631,-0.22639248150678482,0.2696726760654453,0.8918356110267915,0.518642406219112
2016-06-01,1.0516536430145882,-0.08059586327216506,0.19003743393492395,0.5322308976848316,0.2824869404763253,0.502553384075585
2016-07-01,1.5170802158399188,0.006869998947472866,-0.18803022556156312,0.17770345924436004,0.37080211226877013,-0.303698088182165
2016-08-01,0.7817527332301917,-0.0831460650778818,0.25873581180034544,0.5415366063872389,-0.1589676139162156,-0.16066380072441147
2016-09-01,0.2501303898917768,0.22850876324617408,0.6064011638623074,1.0059756506666706,-0.7088345499147216,-0.05767159389583684
2016-10-01,0.662055837464514,0.19859573997663416,0.1714846663924236,0.5718617793522209,-0.12776568571015834,-0.39549089434566104
2016-11-01,1.433029944903344,-0.3262710446808349,-0.2324177178288268,-0.6122121037924334,0.06632644829690637,-0.3188908327519269
2016-12-01,2.5873525271339415,-0.47834381657665387,1.5301992829544346,-0.42132107796393903,-0.3202740553388691,-0.27617668011207097
2017-01-01,2.6259648402343316,0.37373496476806667,1.4564117619035488,-0.038806199009914444,-0.013494466010916084,-0.20012166538165366
2017-02-01,2.394547763880948,0.6547523915243888,0.8391716484279038,-0.3186732893032933,0.02309471964889409,0.18937000121330633
2017-03-01,2.6387334029262535,0.32062011165816295,0.7674267439197389,-0.6884446092815204,0.15616321597678662,0.3338344032489901
2017-04-01,2.5232156247246498,0.7055616963122929,0.8483786311576709,-0.3292734883984463,0.22280831927851752,0.1497060816250857
2017-05-01,1.9784507669918718,0.4261370463565989,0.6252079093580538,-0.24557483859761864,-0.06669469720475096,0.1588149118143236
2017-06-01,2.0720525621651182,0.2867007307983255,0.6577256418330232,-0.40621276091110237,-0.2212206696151694,0.13320762265722913
2017-07-01,1.926763827991158,0.06910803757438944,0.6200710801340285,-0.01896078763950748,0.016077846289579534,-0.46785831245028436
2017-08-01,1.386943621185638,0.1606983942627601,0.6769260863364714,0.24018819544712322,-0.1930669038253887,-0.13382734220588494
2017-09-01,1.3943260555360038,0.44306486043435844,0.45632273374259413,-0.024384363879250026,-0.017634594828735084,0.24649918967336681
2017-10-01,1.5558870953146995,0.33739976753083545,0.09246961635680218,-0.08463258480056268,0.38000878255749204,-0.43398531014400094
2017-11-01,1.4363451080654883,0.5734509901997055,0.22207984010750753,-0.22511327662695113,-0.12930194320124455,-0.3730291323289732
2017-12-01,1.8507600913080675,0.4490934214569472,0.4612872831052035,-0.594309318713709,-0.2673798094885238,-0.32288372522712466
2018-01-01,2.3976672077737198,0.9812464191732294,0.48922058237389043,-0.456502347483127,0.2821443690623242,-0.11748565385596
2018-02-01,2.0310281699005666,1.1426279965738848,0.6286870710706676,0.06023615524062609,-0.20044823578410587,0.21396466343136478
2018-03-01,2.2152544500055953,0.6773255707307685,0.5483030197062052,-0.22147303504895288,-0.17688319663083485,0.3549924197184357
2018-04-01,2.2871803432143594,0.639462187702957,0.8886236304244682,0.07080678085268843,0.0214536509842419,0.15835393633717626
2018-05-01,2.5686218842709194,0.9757379584585489,0.4639558420255592,-0.5682239326262186,-0.06810403234267648,0.25823942574361847
2018-06-01,1.7636648019933427,0.7599402769812583,1.0616820264710571,0.1400364168257775,-0.5440177686117785,0.1666001463559607
2018-07-01,2.031983257909126,0.4269449383757101,0.6367128365198859,-0.38062598776809786,-0.026858926150192364,-0.11600853140338577
2018-08-01,1.64556627640689,0.0814815272511018,0.4046093793211997,-0.3417582389061776,-0.18397741649331711,-0.04573697086284347
2018-09-01,1.6383482169551113,-0.04617076793627628,0.26041563188852845,-0.661516715523176,-0.09296791162716611,-0.01191834878354861
2018-10-01,1.5395374970280913,0.004250921605761682,0.903770612604559,-0.09525752112573638,-0.25483850775219075,-0.15533533235814884
2018-11-01,1.0512304287203982,-0.8462853831473186,0.6796811934748078,-0.14207755321499704,-0.3564645873806968,-0.2793807020518659
2018-12-01,0.379373555974861,-1.574969525959281,0.8594046679075341,0.34446689915965356,-0.7841598505547842,-0.5762077160206888
2019-01-01,-0.015316641634114392,-2.279001300887898,0.8787123782959171,1.4347808289105632,-0.5406198087670097,-0.6266625044162402
2019-02-01,0.6729125787535233,-1.9997311775662912,0.17510635917238343,0.5694433488588462,0.23026005953846562,0.20846483997696236
2019-03-01,0.8457871526704319,-0.9956182814491126,0.17105188306808372,0.9368094576296673,0.38291002197793933,1.0139338360258798
2019-04-01,1.5727162804867545,-0.3532238880038855,-0.3335320829845245,0.7787711761229801,0.8681400816519433,0.6353549517021652
2019-05-01,1.45564920302103,-0.6305502605590396,-0.5754001743407393,0.05990453733066925,0.7858700623298962,0.5998746468266384
2019-06-01,1.0389908189816217,-1.2463027513195473,-0.711140040478561,0.1134099897507701,0.5053458821300152,0.5052381856094766
2019-07-01,0.6057030736902098,-0.8406168423535632,-0.2634332920673961,0.8226114626421162,0.4725359415013144,-0.08007099393928391
2019-08-01,-0.33474410084033057,-1.0471506032602416,-1.9464449629350822,0.1417562793029521,0.38900114236460226,0.05434931677228812
2019-09-01,-0.742486449342119,-1.06001654665871,-2.781396064337219,-0.32316669254178776,0.3382313184019281,0.15095613334761032
2019-10-01,-1.3927919294354263,-0.7147762131738512,-2.6341238083978427,0.2284876598187644,0.29440630546881486,-0.07991275622247572
2019-11-01,-1.422289732290719,-0.44183804120847997,-2.4804248693348923,0.04893238943233813,-0.13073266065784994,-0.16616557124939688
2019-12-01,-1.183675527243067,-0.6012496284208514,-1.918117257731555,-0.01204747515638438,-0.35088209936275266,-0.21817922751786145
2020-01-01,-0.9992599678655466,-0.41604383649625876,-1.5518077377677735,-0.04335123992324563,-0.6470853035781463,0.5733820361868661
2020-02-01,-0.5148525103188579,-1.710703954299911,-2.1673669742581207,-0.12039608240648891,0.06770815650481199,1.3633391298577946
2020-03-01,-5.061872554052721,-1.6455405391787852,-0.05648836414497549,1.393113468757393,-0.071751916793097,0.8311970190319521
2020-04-01,-7.110646351229468,-2.9831519397623585,1.6303726305821957,-1.7458411064218313,-1.383723056632084,1.403716669561634
2020-05-01,-5.146160667845314,-2.1714559325963743,1.0778515397019581,-1.8043467644434026,-1.4702044621032078,0.6874906484459714
2020-06-01,-3.7117264801454604,-1.116010447608326,0.6320927994920339,-1.26467216771878,-0.9302390049752313,1.554117516395448
2020-07-01,-2.6500636824164445,-0.14104451608306712,0.2751483745454764,-0.10121382282086755,0.5479828768250652,0.9951569599265566
2020-08-01,-2.0332627255256353,0.12078015741664927,0.14313311941045082,-0.29078715069086647,0.5127202567498583,1.0813317255687882
2020-09-01,-1.6912729483958218,0.2609092604616704,0.14414832341372674,-0.47190419318936805,0.29397329229011593,0.876815524413113
2020-10-01,-1.2676979403612911,0.39466116927563555,0.06691466342518904,-0.5396322117341433,0.3467076501501145,0.3611064828560816
2020-11-01,-1.0082013001650152,0.609216656837069,0.17847434692047903,-0.7778174655294555,0.049304886225973066,0.05843384527402616
2020-12-01,-0.7631973966718001,0.9219000494138444,0.3042496556085886,-0.9027522875288619,-0.10513932810646476,-0.023423579416127417
2021-01-01,-0.2564819533860203,1.5219605045289857,0.27860061598071073,-0.6934078353324384,0.15363739568098134,-0.13144269357865584
2021-02-01,0.0684107098006117,1.728679476791077,0.16808208540359626,-0.6841942997023098,0.02972523445533992,0.16520786692475403
2021-03-01,0.08394684766237681,1.745188500818125,-0.3814159867688376,-0.5685562610589114,-0.1509115734631049,0.40532437840300484
2021-04-01,-0.01508000850712099,1.8102512981991783,-0.6678124755730344,-0.2387243505146338,0.14752840335659667,0.23406624636075002
2021-05-01,-0.5081509870995593,2.2225372476851217,-1.5747460017845103,-0.3867797325843705,-0.08671395924974834,0.2677780164957618
2021-06-01,0.6007140965209947,1.5439508938795483,-0.4639888804681469,0.04867610669925937,-0.19665690319194828,0.293804901590084
2021-07-01,1.9778418222640575,0.8226197557879779,0.23436109283471235,0.09279215346991343,-0.032464188400483485,0.02566118117213051
2021-08-01,1.5467318606150817,0.7268211327283708,-0.3410774636815552,-0.3863606525055444,-0.15206011955445464,0.030141962746075446
2021-09-01,1.1153471522727956,0.7895256862195709,-0.987834072462505,-0.8573037861993102,-0.16435762266211917,0.03531496689578528
2021-10-01,1.2067318815242802,0.9514361620839483,-0.9434391778945981,-0.46193603412530404,0.12821348523521614,-0.2905411102038083
2021-11-01,1.1271394349211916,0.8520361625668772,-0.8029202907926121,-0.5990017886360366,-0.03279146302603142,-0.12582596309032226
2021-12-01,1.033931492203524,0.5371683179528955,-0.7519724972021498,-0.6442742393221109,-0.08709995002822268,-0.010529982212804129
2022-01-01,0.9141689884440454,0.8336504132056816,-0.4422950023729826,-0.3679492418680129,0.011196426821517003,-0.0851462963204651
2022-02-01,0.9948522291403412,1.098005368997899,-0.39929018699840313,-0.39776129292322526,-0.18804668447133066,0.1202490300948638
2022-03-01,2.7922167046859987,0.4501147634078714,1.8673497457273112,-0.0746134733022743,-0.16327318049333017,0.46004449645345813
2022-04-01,2.5889657766266567,0.5723193159200554,1.7567790934813057,0.10065623041561178,0.029222861944436795,0.057723205641311406
2022-05-01,2.5926496555363348,0.5666261876796744,1.9308041015139525,-0.0008068137109398243,-0.07570408762981262,0.23659562872424705
2022-06-01,2.3432451862375236,0.6033126038195028,1.7135309429725354,-0.005249311371383847,-0.18349212233045764,0.3562209559273851
2022-07-01,2.173775231083223,-0.01926569622712404,1.2385357786035467,0.14693309650569097,-0.010767047242463357,0.013387313531897219
2022-08-01,1.8039048829776005,-0.35493165995991627,1.277745412335825,0.1632692263424078,-0.19115783071924408,0.0004715726505687273
2022-09-01,1.5816122987508843,-0.5018970183749651,0.8922134250982454,-0.057246957031658496,-0.1602190575717256,0.01811599431948263
2022-10-01,1.3324247337145367,-0.6993644363683686,0.8737710304464491,0.42164148190429596,-0.0431111054967962,-0.18314004131171924
2022-11-01,1.1583168151479906,-1.0333617532139212,0.9027842465308669,0.37129097864846616,-0.21470295922315352,-0.11863252378423575
2022-12-01,1.060776563818889,-1.7295649027211772,0.45001575752866296,-0.015140281443136061,-0.034590157942963606,-0.05270798051384846
2023-01-01,1.1664796117552072,-1.5233010897819064,0.1557298108699804,0.2808107577240875,0.26732524299484495,-0.06865643427443757
2023-02-01,0.30847128959025527,-1.6537593871813563,0.5331598168092995,1.189735273975705,-0.03397736714020827,0.284813430637872
2023-03-01,0.8158053650822037,-1.7895448473828717,-0.07533772599207034,0.33881179398151184,0.44335333186105874,0.5600890724886889
2023-04-01,1.5101775095390515,-1.573262540209245,-0.588351241797727,-0.1663523629123993,1.0343517423010078,0.6791956125912451
2023-05-01,-0.19742031797629744,-1.545094594063121,0.6530808887537349,1.7177160956155713,0.023991913205296256,0.6614594131512624
2023-06-01,-0.24662720301113783,-1.5211444610689508,0.5767454333952581,1.6323025736949512,-0.16592450288788418,0.634424907366442
2023-07-01,0.6313354345350599,-1.4815043116385012,-0.121619013613679,0.8283839788263065,0.5867762181826386,0.1635669994202696
2023-08-01,-0.581463201479095,-0.6194580162502688,1.2727707998145155,2.14155839752841,-0.5033357152338886,0.09123542783345372
2023-09-01,-0.6868215333949489,-0.21153996995391622,1.4935122135880317,2.085564013119184,-0.8440654969583457,0.030039981175621275
2023-10-01,-0.8529029103061097,-1.0963790400375932,1.1944337378993393,2.3387338956850803,-0.5600011473156468,-0.17483529200384176
2023-11-01,-0.31574140343405255,-1.9570090944127774,0.37883578661525413,1.3048542683523454,-0.20994019834258815,-0.028928062971718266
2023-12-01,-0.7013084192938347,-2.4043188617046,0.34640077903134125,1.6544027702944986,-0.5034811140398424,-0.0012769086615230657
2024-01-01,-0.11977995744744452,-1.6422492977067282,0.09884357626145068,1.2596950593867473,-0.05084702733485624,0.11731699241872613
2024-02-01,-0.44275002584508727,-0.1957571293647139,0.7953793766232068,1.7510562464009252,-0.6281651153965633,0.33716546608503106
2024-03-01,-0.28392708872764005,0.02673739492901006,0.6458020658267752,1.6692218463321056,-0.5789246479187935,0.6745104367143495
2024-04-01,-0.07462258469132044,0.7172057208963328,0.7103961424956604,1.6146605721662346,-0.3909429914674586,0.11293446374426876
2024-05-01,-0.5721210959292221,0.06010320518180978,0.6495949429867909,1.8240193976834775,-0.5892032890814319,0.17975094599988062
2024-06-01,-0.8625937155535126,0.15785083625593643,0.7811254947700876,1.7270301042972966,-0.8115215682672708,-0.004304649169985769
2024-09-01,-2.8047128012705684,0.016468542395861707,-2.337589316300801,0.9286459942632757,-0.5279871594443979,-0.11267642838132866
2024-10-01,-2.5444066043629987,0.17700402844421903,-2.1356863784653237,0.890089479539321,-0.32615962712567487,-0.4067552503240763
2024-11-01,-2.4029316398669724,-0.012234745303028927,-1.6816396718809565,1.1223592177096697,-0.8066086736612605,-0.3872700203837016
2024-12-01,-1.765019588702803,-0.33808335019349867,-1.878062041423944,0.7536654817879755,-0.785158446224557,-0.212306552005385
2025-01-01,-0.6132052015987425,1.6059988484323728,-1.640867321942453,0.11450408874942086,-0.4133699918774024,0.011031603110199975
2025-02-01,-0.7048118966069207,2.151161178305947,-0.8625383453055391,0.536701345270681,-0.6212949121738844,0.32015108087960376
2025-03-01,-1.2125156180873393,1.45063878112826,-0.44905941048986353,1.1014548134085542,-0.7701544142894422,0.34106713299985114
2025-04-01,-0.9854937184074954,1.3042737121847057,-0.45620773684944815,1.3930848055453726,-0.3349422625977385,-0.1550515179756939
2025-05-01,-0.9995097215677321,1.0998706272688046,-0.26301624278425195,1.0522587660105094,-0.4235620485565754,-0.07792826395015176
