,datetime,sentiment,hawkish,dovish
0,1996-12-19 00:00:00,neutral,0,0
1,1997-01-05 00:00:00,neutral,0,0
2,1997-01-14 00:00:00,neutral,0,0
3,1997-01-16 00:00:00,neutral,0,0
4,1997-01-21 00:00:00,neutral,0,0
5,1997-01-24 00:00:00,neutral,0,0
6,1997-01-24 00:00:00,neutral,0,0
7,1997-01-28 00:00:00,neutral,0,0
8,1997-01-29 00:00:00,neutral,0,0
9,1997-01-30 00:00:00,neutral,0,0
10,1997-02-11 00:00:00,neutral,0,0
11,1997-02-13 00:00:00,neutral,0,0
12,1997-02-21 00:00:00,neutral,0,0
13,1997-02-26 00:00:00,neutral,0,0
14,1997-03-03 00:00:00,neutral,0,0
15,1997-03-07 00:00:00,neutral,0,0
16,1997-03-19 00:00:00,neutral,0,0
17,1997-03-20 00:00:00,neutral,0,0
18,1997-03-20 00:00:00,neutral,0,0
19,1997-03-22 00:00:00,neutral,0,0
20,1997-04-04 00:00:00,neutral,0,0
21,1997-04-10 00:00:00,neutral,0,0
22,1997-04-12 00:00:00,neutral,0,0
23,1997-04-24 00:00:00,neutral,0,0
24,1997-04-29 00:00:00,neutral,0,0
25,1997-05-01 00:00:00,neutral,0,0
26,1997-05-03 00:00:00,neutral,0,0
27,1997-05-08 00:00:00,neutral,0,0
28,1997-05-23 00:00:00,neutral,0,0
29,1997-05-30 00:00:00,neutral,0,0
30,1997-06-10 00:00:00,neutral,0,0
31,1997-06-18 00:00:00,neutral,0,0
32,1997-07-22 00:00:00,neutral,0,0
33,1997-07-23 00:00:00,dovish,0,1
34,1997-07-23 00:00:00,neutral,0,0
35,1997-07-29 00:00:00,neutral,0,0
36,1997-07-30 00:00:00,neutral,0,0
37,1997-09-05 00:00:00,neutral,0,0
38,1997-09-12 00:00:00,neutral,0,0
39,1997-09-12 00:00:00,dovish,0,1
40,1997-09-17 00:00:00,neutral,0,0
41,1997-09-21 00:00:00,neutral,0,0
42,1997-09-23 00:00:00,neutral,0,0
43,1997-09-30 22:00:00,neutral,0,0
44,1997-10-01 00:00:00,neutral,0,0
45,1997-10-05 00:00:00,dovish,0,1
46,1997-10-08 00:00:00,neutral,0,0
47,1997-10-08 00:00:00,neutral,0,0
48,1997-10-14 00:00:00,neutral,0,0
49,1997-10-14 00:00:00,neutral,0,0
50,1997-10-14 00:00:00,neutral,0,0
51,1997-10-15 00:00:00,neutral,0,0
52,1997-10-29 00:00:00,neutral,0,0
53,1997-10-30 00:00:00,neutral,0,0
54,1997-11-04 00:00:00,neutral,0,0
55,1997-11-04 00:00:00,neutral,0,0
56,1997-11-07 00:00:00,neutral,0,0
57,1997-11-13 00:00:00,neutral,0,0
58,1997-11-13 00:00:00,hawkish,1,0
59,1997-11-17 00:00:00,neutral,0,0
60,1997-12-02 00:00:00,neutral,0,0
61,1997-12-15 00:00:00,neutral,0,0
62,1998-01-03 00:00:00,neutral,0,0
63,1998-01-08 00:00:00,neutral,0,0
64,1998-01-29 00:00:00,hawkish,1,0
65,1998-01-30 00:00:00,dovish,0,1
66,1998-02-11 00:00:00,neutral,0,0
67,1998-02-24 00:00:00,neutral,0,0
68,1998-02-26 00:00:00,neutral,0,0
69,1998-03-02 00:00:00,neutral,0,0
70,1998-03-03 00:00:00,neutral,0,0
71,1998-03-09 00:00:00,neutral,0,0
72,1998-03-09 00:00:00,neutral,0,0
73,1998-03-16 00:00:00,neutral,0,0
74,1998-03-17 00:00:00,hawkish,1,0
75,1998-03-26 00:00:00,neutral,0,0
76,1998-04-02 00:00:00,neutral,0,0
77,1998-04-04 00:00:00,neutral,0,0
78,1998-04-09 00:00:00,neutral,0,0
79,1998-04-16 00:00:00,neutral,0,0
80,1998-04-23 00:00:00,neutral,0,0
81,1998-04-28 00:00:00,neutral,0,0
82,1998-05-07 00:00:00,dovish,0,1
83,1998-05-08 00:00:00,hawkish,1,0
84,1998-05-17 22:00:00,neutral,0,0
85,1998-05-21 00:00:00,dovish,0,1
86,1998-06-09 00:00:00,neutral,0,0
87,1998-06-10 00:00:00,neutral,0,0
88,1998-06-23 00:00:00,neutral,0,0
89,1998-07-09 00:00:00,hawkish,1,0
90,1998-07-20 00:00:00,neutral,0,0
91,1998-07-21 00:00:00,neutral,0,0
92,1998-07-22 00:00:00,neutral,0,0
93,1998-08-28 00:00:00,neutral,0,0
94,1998-09-04 00:00:00,neutral,0,0
95,1998-09-15 00:00:00,neutral,0,0
96,1998-09-16 00:00:00,neutral,0,0
97,1998-09-17 00:00:00,neutral,0,0
98,1998-09-17 00:00:00,dovish,0,1
99,1998-09-18 00:00:00,dovish,0,1
100,1998-09-29 00:00:00,neutral,0,0
101,1998-10-01 00:00:00,neutral,0,0
102,1998-10-01 00:00:00,neutral,0,0
103,1998-10-11 22:00:00,neutral,0,0
104,1998-10-16 00:00:00,neutral,0,0
105,1998-10-19 00:00:00,neutral,0,0
106,1998-10-22 00:00:00,dovish,0,1
107,1998-10-22 00:00:00,neutral,0,0
108,1998-10-22 00:00:00,dovish,0,1
109,1998-10-27 00:00:00,neutral,0,0
110,1998-10-29 00:00:00,neutral,0,0
111,1998-11-24 00:00:00,neutral,0,0
112,1998-12-20 23:00:00,neutral,0,0
113,1999-01-03 00:00:00,neutral,0,0
114,1999-01-15 00:00:00,neutral,0,0
115,1999-01-20 00:00:00,neutral,0,0
116,1999-01-21 00:00:00,neutral,0,0
117,1999-01-21 00:00:00,neutral,0,0
118,1999-02-11 00:00:00,neutral,0,0
119,1999-02-23 00:00:00,neutral,0,0
120,1999-02-25 00:00:00,neutral,0,0
121,1999-03-03 00:00:00,neutral,0,0
122,1999-03-04 00:00:00,neutral,0,0
123,1999-03-10 00:00:00,neutral,0,0
124,1999-03-17 00:00:00,neutral,0,0
125,1999-03-19 00:00:00,neutral,0,0
126,1999-03-24 00:00:00,neutral,0,0
127,1999-03-24 00:00:00,neutral,0,0
128,1999-03-25 00:00:00,neutral,0,0
129,1999-04-22 00:00:00,neutral,0,0
130,1999-04-22 00:00:00,neutral,0,0
131,1999-04-25 22:00:00,neutral,0,0
132,1999-04-26 00:00:00,neutral,0,0
133,1999-04-29 00:00:00,neutral,0,0
134,1999-05-06 00:00:00,neutral,0,0
135,1999-05-13 00:00:00,dovish,0,1
136,1999-05-20 00:00:00,neutral,0,0
137,1999-06-02 00:00:00,neutral,0,0
138,1999-06-03 00:00:00,neutral,0,0
139,1999-06-14 00:00:00,neutral,0,0
140,1999-06-17 00:00:00,neutral,0,0
141,1999-06-22 00:00:00,neutral,0,0
142,1999-07-25 22:00:00,neutral,0,0
143,1999-07-29 00:00:00,neutral,0,0
144,1999-08-27 00:00:00,neutral,0,0
145,1999-09-08 00:00:00,neutral,0,0
146,1999-09-08 00:00:00,neutral,0,0
147,1999-09-16 00:00:00,neutral,0,0
148,1999-09-17 00:00:00,neutral,0,0
149,1999-09-21 00:00:00,neutral,0,0
150,1999-09-27 00:00:00,neutral,0,0
151,1999-09-27 00:00:00,neutral,0,0
152,1999-09-28 00:00:00,neutral,0,0
153,1999-10-01 00:00:00,neutral,0,0
154,1999-10-11 00:00:00,neutral,0,0
155,1999-10-12 00:00:00,neutral,0,0
156,1999-10-14 00:00:00,neutral,0,0
157,1999-10-19 00:00:00,dovish,0,1
158,1999-10-28 00:00:00,neutral,0,0
159,1999-11-17 00:00:00,neutral,0,0
160,2000-01-07 00:00:00,neutral,0,0
161,2000-01-13 00:00:00,hawkish,1,0
162,2000-01-13 00:00:00,neutral,0,0
163,2000-01-20 00:00:00,neutral,0,0
164,2000-02-10 00:00:00,neutral,0,0
165,2000-02-17 00:00:00,neutral,0,0
166,2000-02-17 00:00:00,neutral,0,0
167,2000-02-23 00:00:00,neutral,0,0
168,2000-02-25 00:00:00,neutral,0,0
169,2000-03-03 00:00:00,neutral,0,0
170,2000-03-06 00:00:00,dovish,0,1
171,2000-03-06 00:00:00,neutral,0,0
172,2000-03-22 00:00:00,neutral,0,0
173,2000-03-24 00:00:00,neutral,0,0
174,2000-03-30 00:00:00,hawkish,1,0
175,2000-03-30 00:00:00,neutral,0,0
176,2000-04-05 00:00:00,dovish,0,1
177,2000-04-06 00:00:00,neutral,0,0
178,2000-04-06 00:00:00,neutral,0,0
179,2000-04-10 00:00:00,neutral,0,0
180,2000-04-14 00:00:00,neutral,0,0
181,2000-05-04 00:00:00,neutral,0,0
182,2000-05-04 00:00:00,neutral,0,0
183,2000-05-09 00:00:00,dovish,0,1
184,2000-05-11 00:00:00,hawkish,1,0
185,2000-05-25 00:00:00,neutral,0,0
186,2000-06-06 00:00:00,hawkish,1,0
187,2000-06-07 22:00:00,neutral,0,0
188,2000-06-19 00:00:00,neutral,0,0
189,2000-07-08 00:00:00,neutral,0,0
190,2000-07-11 00:00:00,neutral,0,0
191,2000-07-12 00:00:00,neutral,0,0
192,2000-07-20 00:00:00,hawkish,1,0
193,2000-08-25 00:00:00,neutral,0,0
194,2000-08-31 00:00:00,neutral,0,0
195,2000-09-21 00:00:00,hawkish,1,0
196,2000-09-29 00:00:00,hawkish,1,0
197,2000-10-11 00:00:00,neutral,0,0
198,2000-10-19 00:00:00,neutral,0,0
199,2000-10-19 00:00:00,neutral,0,0
200,2000-10-20 00:00:00,neutral,0,0
201,2000-10-24 00:00:00,neutral,0,0
202,2000-10-24 00:00:00,neutral,0,0
203,2000-11-13 00:00:00,neutral,0,0
204,2000-11-14 00:00:00,dovish,0,1
205,2000-11-20 00:00:00,neutral,0,0
206,2000-12-05 00:00:00,neutral,0,0
207,2000-12-06 00:00:00,neutral,0,0
208,2001-01-12 00:00:00,dovish,0,1
209,2001-01-25 00:00:00,neutral,0,0
210,2001-02-05 00:00:00,neutral,0,0
211,2001-02-13 00:00:00,dovish,0,1
212,2001-02-14 00:00:00,neutral,0,0
213,2001-02-27 00:00:00,neutral,0,0
214,2001-03-05 00:00:00,neutral,0,0
215,2001-03-07 00:00:00,neutral,0,0
216,2001-03-15 00:00:00,neutral,0,0
217,2001-03-27 00:00:00,dovish,0,1
218,2001-03-28 00:00:00,neutral,0,0
219,2001-04-04 00:00:00,neutral,0,0
220,2001-04-06 00:00:00,neutral,0,0
221,2001-04-19 00:00:00,neutral,0,0
222,2001-05-03 00:00:00,neutral,0,0
223,2001-05-10 00:00:00,neutral,0,0
224,2001-05-10 00:00:00,neutral,0,0
225,2001-05-17 00:00:00,neutral,0,0
226,2001-05-18 00:00:00,dovish,0,1
227,2001-05-21 00:00:00,dovish,0,1
228,2001-05-21 00:00:00,neutral,0,0
229,2001-05-24 00:00:00,dovish,0,1
230,2001-05-24 00:00:00,dovish,0,1
231,2001-06-06 00:00:00,dovish,0,1
232,2001-06-13 00:00:00,dovish,0,1
233,2001-06-14 00:00:00,neutral,0,0
234,2001-06-20 00:00:00,neutral,0,0
235,2001-06-20 00:00:00,neutral,0,0
236,2001-06-28 00:00:00,dovish,0,1
237,2001-07-17 00:00:00,neutral,0,0
238,2001-07-18 00:00:00,dovish,0,1
239,2001-07-18 00:00:00,dovish,0,1
240,2001-07-26 00:00:00,neutral,0,0
241,2001-08-02 00:00:00,neutral,0,0
242,2001-08-31 00:00:00,neutral,0,0
243,2001-08-31 00:00:00,dovish,0,1
244,2001-09-04 00:00:00,neutral,0,0
245,2001-09-20 00:00:00,dovish,0,1
246,2001-10-11 00:00:00,dovish,0,1
247,2001-10-12 00:00:00,dovish,0,1
248,2001-10-15 00:00:00,neutral,0,0
249,2001-10-16 00:00:00,dovish,0,1
250,2001-10-17 00:00:00,dovish,0,1
251,2001-10-23 00:00:00,dovish,0,1
252,2001-10-24 00:00:00,dovish,0,1
253,2001-10-26 00:00:00,dovish,0,1
254,2001-11-08 00:00:00,dovish,0,1
255,2001-11-27 00:00:00,dovish,0,1
256,2001-11-30 00:00:00,neutral,0,0
257,2001-11-30 00:00:00,neutral,0,0
258,2001-12-05 00:00:00,neutral,0,0
259,2002-01-08 00:00:00,neutral,0,0
260,2002-01-11 00:00:00,dovish,0,1
261,2002-01-16 00:00:00,dovish,0,1
262,2002-01-24 00:00:00,dovish,0,1
263,2002-02-07 00:00:00,neutral,0,0
264,2002-02-20 00:00:00,neutral,0,0
265,2002-02-27 00:00:00,dovish,0,1
266,2002-02-27 00:00:00,dovish,0,1
267,2002-02-28 00:00:00,neutral,0,0
268,2002-03-04 00:00:00,neutral,0,0
269,2002-03-04 00:00:00,neutral,0,0
270,2002-03-07 00:00:00,dovish,0,1
271,2002-03-13 00:00:00,dovish,0,1
272,2002-03-26 00:00:00,neutral,0,0
273,2002-04-17 00:00:00,dovish,0,1
274,2002-04-22 00:00:00,dovish,0,1
275,2002-04-23 00:00:00,neutral,0,0
276,2002-04-25 00:00:00,neutral,0,0
277,2002-04-30 00:00:00,neutral,0,0
278,2002-05-03 00:00:00,neutral,0,0
279,2002-05-09 00:00:00,neutral,0,0
280,2002-05-10 00:00:00,neutral,0,0
281,2002-05-13 00:00:00,neutral,0,0
282,2002-05-21 00:00:00,neutral,0,0
283,2002-05-22 00:00:00,neutral,0,0
284,2002-06-10 00:00:00,neutral,0,0
285,2002-06-11 00:00:00,neutral,0,0
286,2002-06-20 00:00:00,neutral,0,0
287,2002-07-05 00:00:00,dovish,0,1
288,2002-07-08 00:00:00,neutral,0,0
289,2002-07-17 00:00:00,dovish,0,1
290,2002-08-30 00:00:00,dovish,0,1
291,2002-09-18 00:00:00,neutral,0,0
292,2002-09-25 00:00:00,dovish,0,1
293,2002-09-25 00:00:00,dovish,0,1
294,2002-09-25 00:00:00,neutral,0,0
295,2002-09-28 00:00:00,neutral,0,0
296,2002-09-29 00:00:00,neutral,0,0
297,2002-10-03 00:00:00,neutral,0,0
298,2002-10-07 00:00:00,neutral,0,0
299,2002-10-08 00:00:00,neutral,0,0
300,2002-10-09 00:00:00,dovish,0,1
301,2002-10-15 00:00:00,dovish,0,1
302,2002-10-17 00:00:00,neutral,0,0
303,2002-10-23 00:00:00,dovish,0,1
304,2002-10-24 00:00:00,dovish,0,1
305,2002-11-07 00:00:00,neutral,0,0
306,2002-11-11 00:00:00,dovish,0,1
307,2002-11-12 00:00:00,dovish,0,1
308,2002-11-12 00:00:00,neutral,0,0
309,2002-11-12 00:00:00,dovish,0,1
310,2002-11-12 00:00:00,dovish,0,1
311,2002-11-12 00:00:00,neutral,0,0
312,2002-11-13 00:00:00,dovish,0,1
313,2002-11-19 00:00:00,neutral,0,0
314,2002-11-20 00:00:00,neutral,0,0
315,2002-11-21 00:00:00,dovish,0,1
316,2002-12-13 00:00:00,neutral,0,0
317,2002-12-18 00:00:00,neutral,0,0
318,2002-12-19 00:00:00,dovish,0,1
319,2003-01-04 00:00:00,dovish,0,1
320,2003-02-03 00:00:00,neutral,0,0
321,2003-02-04 00:00:00,neutral,0,0
322,2003-02-05 00:00:00,dovish,0,1
323,2003-02-11 00:00:00,dovish,0,1
324,2003-02-11 00:00:00,neutral,0,0
325,2003-02-11 00:00:00,neutral,0,0
326,2003-02-12 00:00:00,dovish,0,1
327,2003-02-21 00:00:00,dovish,0,1
328,2003-02-26 00:00:00,neutral,0,0
329,2003-02-27 00:00:00,neutral,0,0
330,2003-02-27 00:00:00,neutral,0,0
331,2003-02-27 00:00:00,neutral,0,0
332,2003-02-28 00:00:00,neutral,0,0
333,2003-03-04 00:00:00,dovish,0,1
334,2003-03-07 00:00:00,dovish,0,1
335,2003-03-13 00:00:00,neutral,0,0
336,2003-03-25 00:00:00,neutral,0,0
337,2003-04-03 00:00:00,neutral,0,0
338,2003-04-09 00:00:00,neutral,0,0
339,2003-04-10 00:00:00,neutral,0,0
340,2003-04-24 00:00:00,neutral,0,0
341,2003-04-28 00:00:00,neutral,0,0
342,2003-04-30 00:00:00,dovish,0,1
343,2003-05-07 00:00:00,neutral,0,0
344,2003-05-08 00:00:00,neutral,0,0
345,2003-05-16 00:00:00,dovish,0,1
346,2003-05-21 00:00:00,dovish,0,1
347,2003-05-22 00:00:00,neutral,0,0
348,2003-05-30 00:00:00,neutral,0,0
349,2003-05-31 00:00:00,dovish,0,1
350,2003-06-10 00:00:00,neutral,0,0
351,2003-06-11 00:00:00,dovish,0,1
352,2003-06-11 00:00:00,neutral,0,0
353,2003-06-16 00:00:00,dovish,0,1
354,2003-06-17 00:00:00,neutral,0,0
355,2003-06-18 00:00:00,neutral,0,0
356,2003-07-15 00:00:00,dovish,0,1
357,2003-07-23 00:00:00,dovish,0,1
358,2003-08-12 22:00:00,neutral,0,0
359,2003-08-29 00:00:00,dovish,0,1
360,2003-09-04 00:00:00,dovish,0,1
361,2003-09-04 00:00:00,neutral,0,0
362,2003-09-26 00:00:00,neutral,0,0
363,2003-10-01 00:00:00,neutral,0,0
364,2003-10-02 00:00:00,neutral,0,0
365,2003-10-08 00:00:00,dovish,0,1
366,2003-10-08 00:00:00,dovish,0,1
367,2003-10-08 00:00:00,dovish,0,1
368,2003-10-24 00:00:00,neutral,0,0
369,2003-11-21 00:00:00,dovish,0,1
370,2003-11-22 00:00:00,neutral,0,0
371,2003-12-02 00:00:00,neutral,0,0
372,2003-12-11 00:00:00,neutral,0,0
373,2004-01-03 00:00:00,neutral,0,0
374,2004-01-03 00:00:00,neutral,0,0
375,2004-01-03 00:00:00,dovish,0,1
376,2004-01-04 00:00:00,dovish,0,1
377,2004-01-04 00:00:00,neutral,0,0
378,2004-01-07 00:00:00,neutral,0,0
379,2004-01-13 00:00:00,dovish,0,1
380,2004-01-26 00:00:00,neutral,0,0
381,2004-02-04 00:00:00,neutral,0,0
382,2004-02-11 00:00:00,dovish,0,1
383,2004-02-19 00:00:00,neutral,0,0
384,2004-02-20 00:00:00,neutral,0,0
385,2004-02-20 00:00:00,neutral,0,0
386,2004-02-23 00:00:00,neutral,0,0
387,2004-02-24 00:00:00,neutral,0,0
388,2004-02-25 00:00:00,hawkish,1,0
389,2004-02-25 00:00:00,neutral,0,0
390,2004-02-25 00:00:00,neutral,0,0
391,2004-02-26 00:00:00,neutral,0,0
392,2004-02-26 00:00:00,neutral,0,0
393,2004-02-27 00:00:00,neutral,0,0
394,2004-02-27 00:00:00,neutral,0,0
395,2004-03-01 00:00:00,neutral,0,0
396,2004-03-02 00:00:00,hawkish,1,0
397,2004-03-02 00:00:00,dovish,0,1
398,2004-03-11 00:00:00,neutral,0,0
399,2004-03-17 00:00:00,neutral,0,0
400,2004-03-25 00:00:00,neutral,0,0
401,2004-03-25 00:00:00,neutral,0,0
402,2004-03-26 00:00:00,neutral,0,0
403,2004-03-26 00:00:00,neutral,0,0
404,2004-03-27 00:00:00,neutral,0,0
405,2004-03-30 00:00:00,neutral,0,0
406,2004-03-31 00:00:00,hawkish,1,0
407,2004-04-01 00:00:00,neutral,0,0
408,2004-04-08 00:00:00,neutral,0,0
409,2004-04-15 00:00:00,neutral,0,0
410,2004-04-16 00:00:00,neutral,0,0
411,2004-04-20 00:00:00,neutral,0,0
412,2004-04-21 00:00:00,neutral,0,0
413,2004-04-22 00:00:00,hawkish,1,0
414,2004-04-22 00:00:00,neutral,0,0
415,2004-04-23 00:00:00,neutral,0,0
416,2004-04-26 00:00:00,neutral,0,0
417,2004-04-27 00:00:00,neutral,0,0
418,2004-04-27 00:00:00,hawkish,1,0
419,2004-05-05 00:00:00,neutral,0,0
420,2004-05-06 00:00:00,neutral,0,0
421,2004-05-06 00:00:00,dovish,0,1
422,2004-05-13 00:00:00,neutral,0,0
423,2004-05-13 00:00:00,neutral,0,0
424,2004-05-17 00:00:00,neutral,0,0
425,2004-05-17 00:00:00,neutral,0,0
426,2004-05-20 00:00:00,hawkish,1,0
427,2004-05-20 00:00:00,dovish,0,1
428,2004-05-20 00:00:00,neutral,0,0
429,2004-05-22 00:00:00,neutral,0,0
430,2004-05-27 00:00:00,neutral,0,0
431,2004-06-03 00:00:00,neutral,0,0
432,2004-06-04 00:00:00,neutral,0,0
433,2004-06-08 00:00:00,hawkish,1,0
434,2004-06-09 00:00:00,neutral,0,0
435,2004-06-10 00:00:00,neutral,0,0
436,2004-06-10 00:00:00,neutral,0,0
437,2004-06-15 00:00:00,neutral,0,0
438,2004-06-15 00:00:00,hawkish,1,0
439,2004-06-22 00:00:00,neutral,0,0
440,2004-06-24 00:00:00,hawkish,1,0
441,2004-07-07 00:00:00,dovish,0,1
442,2004-07-15 00:00:00,neutral,0,0
443,2004-07-20 00:00:00,hawkish,1,0
444,2004-07-21 00:00:00,neutral,0,0
445,2004-08-27 00:00:00,neutral,0,0
446,2004-09-08 00:00:00,neutral,0,0
447,2004-09-08 00:00:00,neutral,0,0
448,2004-09-16 00:00:00,dovish,0,1
449,2004-09-28 00:00:00,neutral,0,0
450,2004-09-30 00:00:00,neutral,0,0
451,2004-10-01 00:00:00,neutral,0,0
452,2004-10-04 00:00:00,neutral,0,0
453,2004-10-05 00:00:00,hawkish,1,0
454,2004-10-06 00:00:00,neutral,0,0
455,2004-10-07 00:00:00,hawkish,1,0
456,2004-10-07 00:00:00,neutral,0,0
457,2004-10-07 00:00:00,neutral,0,0
458,2004-10-08 00:00:00,neutral,0,0
459,2004-10-08 00:00:00,neutral,0,0
460,2004-10-14 00:00:00,neutral,0,0
461,2004-10-14 00:00:00,neutral,0,0
462,2004-10-15 00:00:00,neutral,0,0
463,2004-10-15 00:00:00,neutral,0,0
464,2004-10-19 00:00:00,neutral,0,0
465,2004-10-21 00:00:00,neutral,0,0
466,2004-10-21 00:00:00,neutral,0,0
467,2004-10-23 00:00:00,neutral,0,0
468,2004-10-26 00:00:00,neutral,0,0
469,2004-10-29 00:00:00,neutral,0,0
470,2004-11-03 23:00:00,neutral,0,0
471,2004-11-05 00:00:00,neutral,0,0
472,2004-11-12 23:00:00,neutral,0,0
473,2004-11-15 00:00:00,hawkish,1,0
474,2004-11-17 00:00:00,neutral,0,0
475,2004-11-18 00:00:00,neutral,0,0
476,2004-11-19 00:00:00,neutral,0,0
477,2004-11-20 23:00:00,neutral,0,0
478,2004-11-23 23:00:00,hawkish,1,0
479,2004-12-02 00:00:00,hawkish,1,0
480,2004-12-07 00:00:00,neutral,0,0
481,2004-12-08 00:00:00,hawkish,1,0
482,2005-01-06 00:00:00,neutral,0,0
483,2005-01-07 00:00:00,neutral,0,0
484,2005-01-07 00:00:00,neutral,0,0
485,2005-01-09 00:00:00,neutral,0,0
486,2005-01-12 00:00:00,neutral,0,0
487,2005-01-13 00:00:00,neutral,0,0
488,2005-01-18 00:00:00,neutral,0,0
489,2005-01-19 00:00:00,neutral,0,0
490,2005-01-19 00:00:00,neutral,0,0
491,2005-02-04 00:00:00,hawkish,1,0
492,2005-02-06 00:00:00,neutral,0,0
493,2005-02-07 00:00:00,neutral,0,0
494,2005-02-09 00:00:00,neutral,0,0
495,2005-02-11 00:00:00,neutral,0,0
496,2005-02-16 00:00:00,hawkish,1,0
497,2005-02-28 00:00:00,neutral,0,0
498,2005-03-02 00:00:00,hawkish,1,0
499,2005-03-02 00:00:00,neutral,0,0
500,2005-03-03 00:00:00,neutral,0,0
501,2005-03-08 00:00:00,hawkish,1,0
502,2005-03-10 00:00:00,dovish,0,1
503,2005-03-11 00:00:00,neutral,0,0
504,2005-03-14 00:00:00,neutral,0,0
505,2005-03-15 00:00:00,hawkish,1,0
506,2005-03-17 23:00:00,neutral,0,0
507,2005-03-18 00:00:00,hawkish,1,0
508,2005-03-30 00:00:00,neutral,0,0
509,2005-03-30 00:00:00,hawkish,1,0
510,2005-03-31 00:00:00,neutral,0,0
511,2005-04-01 00:00:00,hawkish,1,0
512,2005-04-05 00:00:00,hawkish,1,0
513,2005-04-06 00:00:00,neutral,0,0
514,2005-04-08 00:00:00,neutral,0,0
515,2005-04-12 00:00:00,neutral,0,0
516,2005-04-14 00:00:00,hawkish,1,0
517,2005-04-18 00:00:00,neutral,0,0
518,2005-04-20 00:00:00,neutral,0,0
519,2005-04-20 00:00:00,neutral,0,0
520,2005-04-21 00:00:00,neutral,0,0
521,2005-04-21 00:00:00,hawkish,1,0
522,2005-04-22 00:00:00,neutral,0,0
523,2005-04-27 00:00:00,neutral,0,0
524,2005-05-05 00:00:00,neutral,0,0
525,2005-05-11 00:00:00,neutral,0,0
526,2005-05-12 00:00:00,dovish,0,1
527,2005-05-16 00:00:00,neutral,0,0
528,2005-05-17 00:00:00,neutral,0,0
529,2005-05-17 00:00:00,neutral,0,0
530,2005-05-19 00:00:00,neutral,0,0
531,2005-05-19 00:00:00,neutral,0,0
532,2005-05-19 00:00:00,neutral,0,0
533,2005-05-20 00:00:00,neutral,0,0
534,2005-05-20 00:00:00,hawkish,1,0
535,2005-05-26 00:00:00,neutral,0,0
536,2005-05-26 00:00:00,neutral,0,0
537,2005-05-27 00:00:00,neutral,0,0
538,2005-06-03 00:00:00,neutral,0,0
539,2005-06-03 00:00:00,neutral,0,0
540,2005-06-06 00:00:00,hawkish,1,0
541,2005-06-07 00:00:00,neutral,0,0
542,2005-06-08 00:00:00,neutral,0,0
543,2005-06-08 00:00:00,neutral,0,0
544,2005-06-09 00:00:00,neutral,0,0
545,2005-06-09 00:00:00,neutral,0,0
546,2005-06-15 00:00:00,neutral,0,0
547,2005-06-21 00:00:00,neutral,0,0
548,2005-06-23 00:00:00,hawkish,1,0
549,2005-06-23 00:00:00,neutral,0,0
550,2005-07-20 00:00:00,hawkish,1,0
551,2005-07-21 00:00:00,neutral,0,0
552,2005-07-29 00:00:00,hawkish,1,0
553,2005-08-26 00:00:00,neutral,0,0
554,2005-08-27 00:00:00,neutral,0,0
555,2005-08-27 00:00:00,neutral,0,0
556,2005-09-16 00:00:00,neutral,0,0
557,2005-09-26 00:00:00,neutral,0,0
558,2005-09-26 00:00:00,neutral,0,0
559,2005-09-27 00:00:00,neutral,0,0
560,2005-09-29 00:00:00,neutral,0,0
561,2005-10-11 00:00:00,neutral,0,0
562,2005-10-12 00:00:00,hawkish,1,0
563,2005-10-12 00:00:00,neutral,0,0
564,2005-10-12 00:00:00,neutral,0,0
565,2005-10-13 00:00:00,hawkish,1,0
566,2005-10-17 00:00:00,hawkish,1,0
567,2005-10-18 00:00:00,neutral,0,0
568,2005-10-18 00:00:00,hawkish,1,0
569,2005-10-19 00:00:00,neutral,0,0
570,2005-10-19 00:00:00,hawkish,1,0
571,2005-10-26 00:00:00,neutral,0,0
572,2005-11-03 00:00:00,neutral,0,0
573,2005-11-03 00:00:00,hawkish,1,0
574,2005-11-07 00:00:00,neutral,0,0
575,2005-11-10 00:00:00,neutral,0,0
576,2005-11-14 00:00:00,neutral,0,0
577,2005-11-15 00:00:00,neutral,0,0
578,2005-11-30 00:00:00,neutral,0,0
579,2005-12-02 00:00:00,hawkish,1,0
580,2005-12-02 00:00:00,hawkish,1,0
581,2005-12-06 00:00:00,neutral,0,0
582,2005-12-14 00:00:00,neutral,0,0
583,2006-01-11 00:00:00,hawkish,1,0
584,2006-01-18 00:00:00,hawkish,1,0
585,2006-01-23 00:00:00,hawkish,1,0
586,2006-02-02 00:00:00,neutral,0,0
587,2006-02-06 00:00:00,neutral,0,0
588,2006-02-15 00:00:00,hawkish,1,0
589,2006-02-16 00:00:00,neutral,0,0
590,2006-02-23 00:00:00,neutral,0,0
591,2006-02-24 00:00:00,neutral,0,0
592,2006-02-24 00:00:00,hawkish,1,0
593,2006-02-28 00:00:00,neutral,0,0
594,2006-03-01 00:00:00,neutral,0,0
595,2006-03-03 00:00:00,hawkish,1,0
596,2006-03-08 00:00:00,neutral,0,0
597,2006-03-09 00:00:00,hawkish,1,0
598,2006-03-13 00:00:00,neutral,0,0
599,2006-03-16 00:00:00,neutral,0,0
600,2006-03-20 00:00:00,neutral,0,0
601,2006-03-29 00:00:00,neutral,0,0
602,2006-03-31 00:00:00,neutral,0,0
603,2006-03-31 00:00:00,neutral,0,0
604,2006-04-03 00:00:00,neutral,0,0
605,2006-04-05 00:00:00,neutral,0,0
606,2006-04-05 00:00:00,neutral,0,0
607,2006-04-06 00:00:00,neutral,0,0
608,2006-04-10 00:00:00,neutral,0,0
609,2006-04-10 00:00:00,neutral,0,0
610,2006-04-13 00:00:00,neutral,0,0
611,2006-04-13 00:00:00,hawkish,1,0
612,2006-04-17 00:00:00,neutral,0,0
613,2006-04-27 00:00:00,neutral,0,0
614,2006-04-28 00:00:00,neutral,0,0
615,2006-05-04 00:00:00,hawkish,1,0
616,2006-05-11 00:00:00,neutral,0,0
617,2006-05-16 00:00:00,neutral,0,0
618,2006-05-16 00:00:00,neutral,0,0
619,2006-05-16 00:00:00,neutral,0,0
620,2006-05-16 00:00:00,neutral,0,0
621,2006-05-18 00:00:00,neutral,0,0
622,2006-05-18 00:00:00,neutral,0,0
623,2006-05-19 00:00:00,neutral,0,0
624,2006-05-24 00:00:00,neutral,0,0
625,2006-05-25 00:00:00,neutral,0,0
626,2006-05-31 00:00:00,neutral,0,0
627,2006-06-05 00:00:00,hawkish,1,0
628,2006-06-06 00:00:00,neutral,0,0
629,2006-06-08 00:00:00,neutral,0,0
630,2006-06-09 00:00:00,neutral,0,0
631,2006-06-12 00:00:00,neutral,0,0
632,2006-06-12 00:00:00,neutral,0,0
633,2006-06-12 00:00:00,neutral,0,0
634,2006-06-13 00:00:00,neutral,0,0
635,2006-06-13 00:00:00,neutral,0,0
636,2006-06-14 00:00:00,neutral,0,0
637,2006-06-15 00:00:00,neutral,0,0
638,2006-06-15 00:00:00,hawkish,1,0
639,2006-06-16 00:00:00,neutral,0,0
640,2006-07-04 00:00:00,neutral,0,0
641,2006-07-06 00:00:00,neutral,0,0
642,2006-07-18 00:00:00,neutral,0,0
643,2006-07-19 00:00:00,hawkish,1,0
644,2006-07-25 00:00:00,neutral,0,0
645,2006-08-25 00:00:00,neutral,0,0
646,2006-08-31 00:00:00,neutral,0,0
647,2006-09-01 00:00:00,neutral,0,0
648,2006-09-11 00:00:00,neutral,0,0
649,2006-09-14 00:00:00,neutral,0,0
650,2006-09-14 00:00:00,neutral,0,0
651,2006-09-26 00:00:00,neutral,0,0
652,2006-09-27 00:00:00,neutral,0,0
653,2006-10-04 00:00:00,neutral,0,0
654,2006-10-04 00:00:00,neutral,0,0
655,2006-10-05 22:00:00,neutral,0,0
656,2006-10-11 00:00:00,neutral,0,0
657,2006-10-12 00:00:00,neutral,0,0
658,2006-10-16 00:00:00,neutral,0,0
659,2006-10-17 00:00:00,neutral,0,0
660,2006-10-26 00:00:00,neutral,0,0
661,2006-11-01 00:00:00,neutral,0,0
662,2006-11-02 00:00:00,neutral,0,0
663,2006-11-03 00:00:00,neutral,0,0
664,2006-11-10 00:00:00,neutral,0,0
665,2006-11-16 00:00:00,dovish,0,1
666,2006-11-21 00:00:00,neutral,0,0
667,2006-11-28 00:00:00,neutral,0,0
668,2006-11-30 00:00:00,neutral,0,0
669,2006-12-01 00:00:00,neutral,0,0
670,2006-12-01 00:00:00,neutral,0,0
671,2006-12-15 00:00:00,neutral,0,0
672,2007-01-05 00:00:00,neutral,0,0
673,2007-01-08 00:00:00,neutral,0,0
674,2007-01-11 00:00:00,neutral,0,0
675,2007-01-11 00:00:00,dovish,0,1
676,2007-01-17 00:00:00,neutral,0,0
677,2007-01-18 00:00:00,hawkish,1,0
678,2007-01-18 00:00:00,dovish,0,1
679,2007-02-06 00:00:00,neutral,0,0
680,2007-02-14 00:00:00,neutral,0,0
681,2007-02-21 00:00:00,neutral,0,0
682,2007-02-26 00:00:00,neutral,0,0
683,2007-02-28 00:00:00,hawkish,1,0
684,2007-02-28 00:00:00,neutral,0,0
685,2007-02-28 00:00:00,neutral,0,0
686,2007-03-02 00:00:00,hawkish,1,0
687,2007-03-05 00:00:00,neutral,0,0
688,2007-03-05 00:00:00,neutral,0,0
689,2007-03-06 00:00:00,neutral,0,0
690,2007-03-09 00:00:00,neutral,0,0
691,2007-03-09 00:00:00,hawkish,1,0
692,2007-03-12 00:00:00,hawkish,1,0
693,2007-03-22 00:00:00,neutral,0,0
694,2007-03-22 00:00:00,neutral,0,0
695,2007-03-23 00:00:00,neutral,0,0
696,2007-03-23 00:00:00,neutral,0,0
697,2007-03-28 00:00:00,neutral,0,0
698,2007-03-30 00:00:00,neutral,0,0
699,2007-04-10 00:00:00,neutral,0,0
700,2007-04-11 00:00:00,neutral,0,0
701,2007-04-18 22:00:00,neutral,0,0
702,2007-04-20 00:00:00,dovish,0,1
703,2007-04-25 00:00:00,neutral,0,0
704,2007-04-25 00:00:00,neutral,0,0
705,2007-04-26 00:00:00,neutral,0,0
706,2007-05-01 00:00:00,neutral,0,0
707,2007-05-04 00:00:00,neutral,0,0
708,2007-05-10 00:00:00,neutral,0,0
709,2007-05-15 00:00:00,neutral,0,0
710,2007-05-15 00:00:00,neutral,0,0
711,2007-05-15 00:00:00,neutral,0,0
712,2007-05-16 00:00:00,dovish,0,1
713,2007-05-16 00:00:00,neutral,0,0
714,2007-05-17 00:00:00,dovish,0,1
715,2007-05-22 00:00:00,neutral,0,0
716,2007-05-23 00:00:00,neutral,0,0
717,2007-05-24 00:00:00,neutral,0,0
718,2007-06-01 00:00:00,dovish,0,1
719,2007-06-05 00:00:00,neutral,0,0
720,2007-06-05 00:00:00,neutral,0,0
721,2007-06-07 00:00:00,neutral,0,0
722,2007-06-13 00:00:00,neutral,0,0
723,2007-06-13 00:00:00,neutral,0,0
724,2007-06-14 00:00:00,dovish,0,1
725,2007-06-15 00:00:00,neutral,0,0
726,2007-06-20 00:00:00,neutral,0,0
727,2007-07-10 00:00:00,neutral,0,0
728,2007-07-11 00:00:00,neutral,0,0
729,2007-07-12 00:00:00,neutral,0,0
730,2007-07-18 00:00:00,dovish,0,1
731,2007-07-25 00:00:00,neutral,0,0
732,2007-08-01 00:00:00,neutral,0,0
733,2007-08-02 00:00:00,neutral,0,0
734,2007-08-31 00:00:00,dovish,0,1
735,2007-09-06 00:00:00,neutral,0,0
736,2007-09-10 00:00:00,dovish,0,1
737,2007-09-11 00:00:00,neutral,0,0
738,2007-09-20 00:00:00,dovish,0,1
739,2007-09-21 00:00:00,neutral,0,0
740,2007-09-21 00:00:00,dovish,0,1
741,2007-09-24 00:00:00,neutral,0,0
742,2007-09-27 00:00:00,hawkish,1,0
743,2007-09-28 00:00:00,dovish,0,1
744,2007-10-05 00:00:00,dovish,0,1
745,2007-10-05 00:00:00,dovish,0,1
746,2007-10-11 00:00:00,dovish,0,1
747,2007-10-12 00:00:00,neutral,0,0
748,2007-10-12 00:00:00,neutral,0,0
749,2007-10-15 00:00:00,dovish,0,1
750,2007-10-19 00:00:00,dovish,0,1
751,2007-10-20 00:00:00,neutral,0,0
752,2007-10-22 00:00:00,dovish,0,1
753,2007-10-24 00:00:00,dovish,0,1
754,2007-10-26 00:00:00,dovish,0,1
755,2007-11-05 00:00:00,dovish,0,1
756,2007-11-05 00:00:00,dovish,0,1
757,2007-11-06 00:00:00,neutral,0,0
758,2007-11-07 00:00:00,dovish,0,1
759,2007-11-07 00:00:00,neutral,0,0
760,2007-11-08 00:00:00,dovish,0,1
761,2007-11-13 00:00:00,neutral,0,0
762,2007-11-14 00:00:00,dovish,0,1
763,2007-11-16 00:00:00,dovish,0,1
764,2007-11-28 00:00:00,dovish,0,1
765,2007-11-29 00:00:00,dovish,0,1
766,2007-11-29 00:00:00,neutral,0,0
767,2007-11-30 00:00:00,dovish,0,1
768,2007-12-06 00:00:00,dovish,0,1
769,2007-12-13 00:00:00,dovish,0,1
770,2008-01-05 00:00:00,neutral,0,0
771,2008-01-10 00:00:00,dovish,0,1
772,2008-01-11 00:00:00,dovish,0,1
773,2008-01-17 00:00:00,dovish,0,1
774,2008-02-04 00:00:00,dovish,0,1
775,2008-02-14 00:00:00,dovish,0,1
776,2008-02-15 00:00:00,dovish,0,1
777,2008-02-25 00:00:00,dovish,0,1
778,2008-02-25 00:00:00,neutral,0,0
779,2008-02-26 00:00:00,dovish,0,1
780,2008-02-27 00:00:00,neutral,0,0
781,2008-02-27 00:00:00,dovish,0,1
782,2008-02-29 00:00:00,dovish,0,1
783,2008-03-03 00:00:00,dovish,0,1
784,2008-03-04 00:00:00,dovish,0,1
785,2008-03-04 00:00:00,dovish,0,1
786,2008-03-04 00:00:00,dovish,0,1
787,2008-03-06 00:00:00,dovish,0,1
788,2008-03-07 00:00:00,neutral,0,0
789,2008-03-07 00:00:00,neutral,0,0
790,2008-03-11 00:00:00,neutral,0,0
791,2008-03-14 00:00:00,dovish,0,1
792,2008-03-27 00:00:00,dovish,0,1
793,2008-03-27 00:00:00,dovish,0,1
794,2008-04-02 00:00:00,dovish,0,1
795,2008-04-03 00:00:00,dovish,0,1
796,2008-04-03 00:00:00,dovish,0,1
797,2008-04-03 00:00:00,neutral,0,0
798,2008-04-04 00:00:00,neutral,0,0
799,2008-04-07 00:00:00,neutral,0,0
800,2008-04-09 00:00:00,neutral,0,0
801,2008-04-09 00:00:00,dovish,0,1
802,2008-04-10 00:00:00,dovish,0,1
803,2008-04-14 00:00:00,dovish,0,1
804,2008-04-16 00:00:00,dovish,0,1
805,2008-04-17 00:00:00,dovish,0,1
806,2008-04-21 00:00:00,dovish,0,1
807,2008-05-05 00:00:00,dovish,0,1
808,2008-05-07 00:00:00,dovish,0,1
809,2008-05-13 00:00:00,dovish,0,1
810,2008-05-14 00:00:00,neutral,0,0
811,2008-05-15 00:00:00,dovish,0,1
812,2008-05-15 00:00:00,neutral,0,0
813,2008-05-20 00:00:00,dovish,0,1
814,2008-05-21 00:00:00,dovish,0,1
815,2008-05-22 00:00:00,dovish,0,1
816,2008-05-29 00:00:00,dovish,0,1
817,2008-06-03 00:00:00,dovish,0,1
818,2008-06-04 00:00:00,neutral,0,0
819,2008-06-05 00:00:00,dovish,0,1
820,2008-06-09 00:00:00,dovish,0,1
821,2008-06-09 00:00:00,neutral,0,0
822,2008-06-11 00:00:00,neutral,0,0
823,2008-06-11 00:00:00,dovish,0,1
824,2008-06-12 00:00:00,dovish,0,1
825,2008-06-16 00:00:00,neutral,0,0
826,2008-06-19 00:00:00,dovish,0,1
827,2008-06-26 00:00:00,neutral,0,0
828,2008-07-02 00:00:00,dovish,0,1
829,2008-07-08 00:00:00,dovish,0,1
830,2008-07-10 00:00:00,dovish,0,1
831,2008-07-15 00:00:00,dovish,0,1
832,2008-07-17 00:00:00,neutral,0,0
833,2008-07-24 00:00:00,dovish,0,1
834,2008-07-28 00:00:00,neutral,0,0
835,2008-07-28 00:00:00,dovish,0,1
836,2008-08-22 00:00:00,dovish,0,1
837,2008-09-01 00:00:00,hawkish,1,0
838,2008-09-01 00:00:00,neutral,0,0
839,2008-09-09 00:00:00,dovish,0,1
840,2008-09-11 00:00:00,dovish,0,1
841,2008-09-23 00:00:00,dovish,0,1
842,2008-09-24 00:00:00,dovish,0,1
843,2008-10-07 00:00:00,dovish,0,1
844,2008-10-14 00:00:00,dovish,0,1
845,2008-10-15 00:00:00,dovish,0,1
846,2008-10-15 00:00:00,dovish,0,1
847,2008-10-20 00:00:00,dovish,0,1
848,2008-10-20 00:00:00,dovish,0,1
849,2008-10-23 00:00:00,dovish,0,1
850,2008-10-31 00:00:00,dovish,0,1
851,2008-11-06 00:00:00,dovish,0,1
852,2008-11-12 00:00:00,dovish,0,1
853,2008-11-14 00:00:00,dovish,0,1
854,2008-11-18 00:00:00,dovish,0,1
855,2008-11-19 00:00:00,dovish,0,1
856,2008-11-20 00:00:00,dovish,0,1
857,2008-12-01 00:00:00,dovish,0,1
858,2008-12-03 00:00:00,dovish,0,1
859,2008-12-04 00:00:00,dovish,0,1
860,2008-12-04 00:00:00,dovish,0,1
861,2008-12-08 00:00:00,dovish,0,1
862,2008-12-08 00:00:00,dovish,0,1
863,2009-01-13 00:00:00,dovish,0,1
864,2009-01-13 00:00:00,dovish,0,1
865,2009-02-10 00:00:00,dovish,0,1
866,2009-02-10 00:00:00,dovish,0,1
867,2009-02-11 00:00:00,dovish,0,1
868,2009-02-16 00:00:00,dovish,0,1
869,2009-02-18 00:00:00,dovish,0,1
870,2009-02-24 00:00:00,dovish,0,1
871,2009-02-24 00:00:00,dovish,0,1
872,2009-03-03 00:00:00,dovish,0,1
873,2009-03-05 00:00:00,dovish,0,1
874,2009-03-06 00:00:00,dovish,0,1
875,2009-03-10 00:00:00,dovish,0,1
876,2009-03-19 00:00:00,dovish,0,1
877,2009-03-20 00:00:00,dovish,0,1
878,2009-03-20 00:00:00,neutral,0,0
879,2009-03-24 00:00:00,dovish,0,1
880,2009-03-24 00:00:00,dovish,0,1
881,2009-03-25 00:00:00,dovish,0,1
882,2009-03-30 00:00:00,dovish,0,1
883,2009-04-03 00:00:00,dovish,0,1
884,2009-04-03 00:00:00,dovish,0,1
885,2009-04-06 00:00:00,neutral,0,0
886,2009-04-14 00:00:00,dovish,0,1
887,2009-04-17 00:00:00,dovish,0,1
888,2009-04-18 00:00:00,dovish,0,1
889,2009-04-18 00:00:00,dovish,0,1
890,2009-04-20 00:00:00,dovish,0,1
891,2009-05-05 00:00:00,dovish,0,1
892,2009-05-07 00:00:00,dovish,0,1
893,2009-05-11 00:00:00,dovish,0,1
894,2009-05-22 00:00:00,dovish,0,1
895,2009-05-23 00:00:00,dovish,0,1
896,2009-06-03 00:00:00,dovish,0,1
897,2009-06-04 00:00:00,dovish,0,1
898,2009-06-08 00:00:00,neutral,0,0
899,2009-06-10 00:00:00,dovish,0,1
900,2009-06-15 00:00:00,neutral,0,0
901,2009-06-15 00:00:00,dovish,0,1
902,2009-06-16 00:00:00,hawkish,1,0
903,2009-06-17 00:00:00,dovish,0,1
904,2009-06-25 00:00:00,dovish,0,1
905,2009-06-25 00:00:00,dovish,0,1
906,2009-07-03 00:00:00,dovish,0,1
907,2009-07-09 00:00:00,dovish,0,1
908,2009-07-09 00:00:00,dovish,0,1
909,2009-07-16 00:00:00,dovish,0,1
910,2009-07-21 00:00:00,dovish,0,1
911,2009-07-23 00:00:00,neutral,0,0
912,2009-07-29 00:00:00,dovish,0,1
913,2009-08-04 00:00:00,dovish,0,1
914,2009-08-21 00:00:00,dovish,0,1
915,2009-09-14 00:00:00,neutral,0,0
916,2009-09-25 00:00:00,dovish,0,1
917,2009-09-25 00:00:00,hawkish,1,0
918,2009-09-30 00:00:00,hawkish,1,0
919,2009-09-30 00:00:00,dovish,0,1
920,2009-10-01 00:00:00,dovish,0,1
921,2009-10-05 00:00:00,dovish,0,1
922,2009-10-08 00:00:00,dovish,0,1
923,2009-10-08 00:00:00,dovish,0,1
924,2009-10-09 00:00:00,dovish,0,1
925,2009-10-13 00:00:00,dovish,0,1
926,2009-10-13 00:00:00,dovish,0,1
927,2009-10-14 00:00:00,dovish,0,1
928,2009-10-19 00:00:00,dovish,0,1
929,2009-10-21 00:00:00,hawkish,1,0
930,2009-10-23 00:00:00,dovish,0,1
931,2009-10-23 00:00:00,dovish,0,1
932,2009-10-29 00:00:00,neutral,0,0
933,2009-11-02 00:00:00,neutral,0,0
934,2009-11-09 00:00:00,dovish,0,1
935,2009-11-10 00:00:00,neutral,0,0
936,2009-11-13 00:00:00,dovish,0,1
937,2009-11-16 00:00:00,dovish,0,1
938,2009-11-16 00:00:00,dovish,0,1
939,2009-12-03 00:00:00,dovish,0,1
940,2009-12-07 00:00:00,dovish,0,1
941,2009-12-07 00:00:00,dovish,0,1
942,2009-12-09 00:00:00,dovish,0,1
943,2009-12-10 00:00:00,dovish,0,1
944,2010-01-03 00:00:00,dovish,0,1
945,2010-01-03 00:00:00,dovish,0,1
946,2010-01-04 00:00:00,dovish,0,1
947,2010-01-07 00:00:00,dovish,0,1
948,2010-01-20 00:00:00,neutral,0,0
949,2010-01-29 00:00:00,dovish,0,1
950,2010-02-03 00:00:00,neutral,0,0
951,2010-02-03 00:00:00,dovish,0,1
952,2010-02-08 00:00:00,dovish,0,1
953,2010-02-10 00:00:00,dovish,0,1
954,2010-02-12 00:00:00,hawkish,1,0
955,2010-02-16 00:00:00,hawkish,1,0
956,2010-02-18 00:00:00,dovish,0,1
957,2010-02-19 00:00:00,dovish,0,1
958,2010-02-24 00:00:00,dovish,0,1
959,2010-02-26 00:00:00,dovish,0,1
960,2010-02-26 00:00:00,dovish,0,1
961,2010-02-26 00:00:00,neutral,0,0
962,2010-03-08 00:00:00,dovish,0,1
963,2010-03-11 00:00:00,dovish,0,1
964,2010-03-17 00:00:00,dovish,0,1
965,2010-03-18 00:00:00,hawkish,1,0
966,2010-03-18 00:00:00,neutral,0,0
967,2010-03-20 00:00:00,dovish,0,1
968,2010-03-24 00:00:00,hawkish,1,0
969,2010-03-24 00:00:00,dovish,0,1
970,2010-03-25 00:00:00,dovish,0,1
971,2010-03-26 00:00:00,neutral,0,0
972,2010-03-26 00:00:00,hawkish,1,0
973,2010-03-26 00:00:00,dovish,0,1
974,2010-03-31 00:00:00,dovish,0,1
975,2010-04-01 00:00:00,dovish,0,1
976,2010-04-07 00:00:00,dovish,0,1
977,2010-04-07 00:00:00,dovish,0,1
978,2010-04-08 00:00:00,dovish,0,1
979,2010-04-08 00:00:00,neutral,0,0
980,2010-04-08 00:00:00,neutral,0,0
981,2010-04-08 00:00:00,dovish,0,1
982,2010-04-13 00:00:00,neutral,0,0
983,2010-04-13 00:00:00,dovish,0,1
984,2010-04-14 00:00:00,dovish,0,1
985,2010-04-14 00:00:00,dovish,0,1
986,2010-04-19 00:00:00,dovish,0,1
987,2010-04-20 00:00:00,dovish,0,1
988,2010-04-21 00:00:00,neutral,0,0
989,2010-04-27 00:00:00,hawkish,1,0
990,2010-05-01 00:00:00,neutral,0,0
991,2010-05-05 00:00:00,dovish,0,1
992,2010-05-06 00:00:00,hawkish,1,0
993,2010-05-06 00:00:00,dovish,0,1
994,2010-05-08 00:00:00,neutral,0,0
995,2010-05-11 00:00:00,dovish,0,1
996,2010-05-13 00:00:00,dovish,0,1
997,2010-05-20 00:00:00,dovish,0,1
998,2010-05-21 00:00:00,dovish,0,1
999,2010-05-25 00:00:00,dovish,0,1
1000,2010-05-26 00:00:00,neutral,0,0
1001,2010-05-30 00:00:00,dovish,0,1
1002,2010-06-03 00:00:00,hawkish,1,0
1003,2010-06-07 00:00:00,dovish,0,1
1004,2010-06-08 14:14:00,dovish,0,1
1005,2010-06-09 00:00:00,dovish,0,1
1006,2010-06-09 00:00:00,dovish,0,1
1007,2010-06-09 00:00:00,dovish,0,1
1008,2010-06-09 14:36:00,dovish,0,1
1009,2010-06-16 00:00:00,dovish,0,1
1010,2010-06-25 00:00:00,dovish,0,1
1011,2010-06-28 00:00:00,neutral,0,0
1012,2010-06-30 00:00:00,dovish,0,1
1013,2010-07-12 00:00:00,dovish,0,1
1014,2010-07-15 00:00:00,neutral,0,0
1015,2010-07-20 00:00:00,neutral,0,0
1016,2010-07-21 00:00:00,dovish,0,1
1017,2010-07-22 00:00:00,dovish,0,1
1018,2010-08-02 00:00:00,dovish,0,1
1019,2010-08-13 00:00:00,hawkish,1,0
1020,2010-08-27 00:00:00,dovish,0,1
1021,2010-09-01 00:00:00,dovish,0,1
1022,2010-09-01 00:00:00,neutral,0,0
1023,2010-09-17 00:00:00,dovish,0,1
1024,2010-09-24 00:00:00,dovish,0,1
1025,2010-09-24 00:00:00,neutral,0,0
1026,2010-09-30 00:00:00,dovish,0,1
1027,2010-10-01 00:00:00,dovish,0,1
1028,2010-10-04 00:00:00,dovish,0,1
1029,2010-10-04 00:00:00,hawkish,1,0
1030,2010-10-10 00:00:00,dovish,0,1
1031,2010-10-11 00:00:00,dovish,0,1
1032,2010-10-12 00:00:00,hawkish,1,0
1033,2010-10-15 00:00:00,dovish,0,1
1034,2010-10-19 00:00:00,dovish,0,1
1035,2010-10-19 00:00:00,dovish,0,1
1036,2010-10-19 00:00:00,dovish,0,1
1037,2010-10-25 00:00:00,dovish,0,1
1038,2010-10-25 00:00:00,neutral,0,0
1039,2010-10-25 00:00:00,dovish,0,1
1040,2010-11-05 00:00:00,hawkish,1,0
1041,2010-11-08 00:00:00,hawkish,1,0
1042,2010-11-12 00:00:00,neutral,0,0
1043,2010-11-12 00:00:00,dovish,0,1
1044,2010-11-18 00:00:00,dovish,0,1
1045,2010-11-19 00:00:00,dovish,0,1
1046,2010-11-19 00:00:00,dovish,0,1
1047,2010-12-01 00:00:00,dovish,0,1
1048,2010-12-01 00:00:00,dovish,0,1
1049,2010-12-02 00:00:00,dovish,0,1
1050,2011-01-05 00:00:00,hawkish,1,0
1051,2011-01-07 00:00:00,dovish,0,1
1052,2011-01-07 00:00:00,dovish,0,1
1053,2011-01-08 00:00:00,dovish,0,1
1054,2011-01-14 00:00:00,dovish,0,1
1055,2011-01-28 00:00:00,dovish,0,1
1056,2011-02-02 00:00:00,neutral,0,0
1057,2011-02-03 00:00:00,dovish,0,1
1058,2011-02-09 00:00:00,dovish,0,1
1059,2011-02-09 00:00:00,dovish,0,1
1060,2011-02-11 00:00:00,dovish,0,1
1061,2011-02-14 00:00:00,dovish,0,1
1062,2011-02-15 00:00:00,dovish,0,1
1063,2011-02-15 00:00:00,neutral,0,0
1064,2011-02-17 00:00:00,neutral,0,0
1065,2011-02-17 00:00:00,hawkish,1,0
1066,2011-02-17 00:00:00,neutral,0,0
1067,2011-02-18 00:00:00,neutral,0,0
1068,2011-02-23 00:00:00,hawkish,1,0
1069,2011-02-25 00:00:00,dovish,0,1
1070,2011-02-28 00:00:00,neutral,0,0
1071,2011-02-28 00:00:00,dovish,0,1
1072,2011-03-01 00:00:00,dovish,0,1
1073,2011-03-02 00:00:00,dovish,0,1
1074,2011-03-04 00:00:00,dovish,0,1
1075,2011-03-11 00:00:00,dovish,0,1
1076,2011-03-23 00:00:00,dovish,0,1
1077,2011-03-24 00:00:00,dovish,0,1
1078,2011-03-30 00:00:00,neutral,0,0
1079,2011-03-30 00:00:00,hawkish,1,0
1080,2011-03-31 00:00:00,neutral,0,0
1081,2011-04-01 00:00:00,dovish,0,1
1082,2011-04-04 00:00:00,neutral,0,0
1083,2011-04-07 00:00:00,neutral,0,0
1084,2011-04-11 00:00:00,dovish,0,1
1085,2011-04-11 00:00:00,neutral,0,0
1086,2011-04-12 00:00:00,neutral,0,0
1087,2011-04-14 00:00:00,dovish,0,1
1088,2011-04-20 00:00:00,neutral,0,0
1089,2011-04-28 00:00:00,dovish,0,1
1090,2011-04-29 00:00:00,dovish,0,1
1091,2011-05-04 00:00:00,dovish,0,1
1092,2011-05-05 00:00:00,neutral,0,0
1093,2011-05-06 00:00:00,dovish,0,1
1094,2011-05-06 00:00:00,dovish,0,1
1095,2011-05-10 00:00:00,dovish,0,1
1096,2011-05-12 00:00:00,neutral,0,0
1097,2011-05-12 00:00:00,dovish,0,1
1098,2011-05-16 00:00:00,dovish,0,1
1099,2011-05-19 00:00:00,dovish,0,1
1100,2011-05-24 00:00:00,neutral,0,0
1101,2011-05-24 00:00:00,hawkish,1,0
1102,2011-05-24 00:00:00,neutral,0,0
1103,2011-05-28 00:00:00,neutral,0,0
1104,2011-06-01 00:00:00,dovish,0,1
1105,2011-06-03 00:00:00,neutral,0,0
1106,2011-06-06 00:00:00,hawkish,1,0
1107,2011-06-06 00:00:00,hawkish,1,0
1108,2011-06-07 00:00:00,dovish,0,1
1109,2011-06-07 00:00:00,dovish,0,1
1110,2011-06-09 00:00:00,hawkish,1,0
1111,2011-06-09 00:00:00,dovish,0,1
1112,2011-06-14 00:00:00,hawkish,1,0
1113,2011-06-16 00:00:00,hawkish,1,0
1114,2011-06-16 00:00:00,hawkish,1,0
1115,2011-06-27 00:00:00,neutral,0,0
1116,2011-06-27 00:00:00,hawkish,1,0
1117,2011-06-29 00:00:00,dovish,0,1
1118,2011-06-30 00:00:00,hawkish,1,0
1119,2011-07-13 00:00:00,dovish,0,1
1120,2011-07-13 00:00:00,hawkish,1,0
1121,2011-07-20 00:00:00,dovish,0,1
1122,2011-07-21 00:00:00,neutral,0,0
1123,2011-07-26 00:00:00,hawkish,1,0
1124,2011-08-12 00:00:00,dovish,0,1
1125,2011-08-17 00:00:00,hawkish,1,0
1126,2011-08-18 00:00:00,dovish,0,1
1127,2011-08-26 00:00:00,dovish,0,1
1128,2011-08-30 00:00:00,neutral,0,0
1129,2011-09-01 00:00:00,neutral,0,0
1130,2011-09-07 00:00:00,dovish,0,1
1131,2011-09-08 00:00:00,dovish,0,1
1132,2011-09-12 00:00:00,hawkish,1,0
1133,2011-09-15 00:00:00,dovish,0,1
1134,2011-09-15 00:00:00,neutral,0,0
1135,2011-09-23 00:00:00,dovish,0,1
1136,2011-09-26 00:00:00,dovish,0,1
1137,2011-09-26 00:00:00,neutral,0,0
1138,2011-09-28 00:00:00,neutral,0,0
1139,2011-09-29 00:00:00,hawkish,1,0
1140,2011-10-04 00:00:00,dovish,0,1
1141,2011-10-04 00:00:00,dovish,0,1
1142,2011-10-12 00:00:00,hawkish,1,0
1143,2011-10-13 00:00:00,dovish,0,1
1144,2011-10-17 00:00:00,dovish,0,1
1145,2011-10-18 00:00:00,dovish,0,1
1146,2011-10-20 00:00:00,dovish,0,1
1147,2011-10-20 00:00:00,dovish,0,1
1148,2011-10-21 00:00:00,dovish,0,1
1149,2011-10-21 00:00:00,dovish,0,1
1150,2011-10-22 00:00:00,neutral,0,0
1151,2011-10-24 00:00:00,dovish,0,1
1152,2011-11-04 00:00:00,hawkish,1,0
1153,2011-11-08 00:00:00,hawkish,1,0
1154,2011-11-08 00:00:00,dovish,0,1
1155,2011-11-09 00:00:00,hawkish,1,0
1156,2011-11-09 00:00:00,dovish,0,1
1157,2011-11-10 00:00:00,dovish,0,1
1158,2011-11-11 00:00:00,dovish,0,1
1159,2011-11-17 00:00:00,dovish,0,1
1160,2011-11-18 00:00:00,dovish,0,1
1161,2011-11-22 00:00:00,dovish,0,1
1162,2011-11-29 00:00:00,dovish,0,1
1163,2011-11-29 00:00:00,dovish,0,1
1164,2011-12-02 00:00:00,hawkish,1,0
1165,2011-12-05 00:00:00,dovish,0,1
1166,2011-12-06 00:00:00,neutral,0,0
1167,2011-12-15 00:00:00,dovish,0,1
1168,2012-01-06 00:00:00,dovish,0,1
1169,2012-01-06 00:00:00,dovish,0,1
1170,2012-01-06 00:00:00,neutral,0,0
1171,2012-01-07 00:00:00,dovish,0,1
1172,2012-01-11 00:00:00,dovish,0,1
1173,2012-01-13 00:00:00,dovish,0,1
1174,2012-01-16 00:00:00,neutral,0,0
1175,2012-01-18 00:00:00,neutral,0,0
1176,2012-01-27 00:00:00,dovish,0,1
1177,2012-02-01 00:00:00,hawkish,1,0
1178,2012-02-02 00:00:00,dovish,0,1
1179,2012-02-02 00:00:00,hawkish,1,0
1180,2012-02-14 00:00:00,hawkish,1,0
1181,2012-02-16 00:00:00,dovish,0,1
1182,2012-02-24 00:00:00,neutral,0,0
1183,2012-02-24 00:00:00,dovish,0,1
1184,2012-02-24 00:00:00,hawkish,1,0
1185,2012-02-28 00:00:00,dovish,0,1
1186,2012-02-29 00:00:00,hawkish,1,0
1187,2012-02-29 00:00:00,dovish,0,1
1188,2012-03-01 00:00:00,dovish,0,1
1189,2012-03-01 00:00:00,dovish,0,1
1190,2012-03-12 14:28:00,hawkish,1,0
1191,2012-03-14 00:00:00,dovish,0,1
1192,2012-03-16 00:00:00,dovish,0,1
1193,2012-03-19 00:00:00,dovish,0,1
1194,2012-03-19 00:00:00,neutral,0,0
1195,2012-03-20 00:00:00,dovish,0,1
1196,2012-03-21 00:00:00,dovish,0,1
1197,2012-03-22 00:00:00,neutral,0,0
1198,2012-03-23 00:00:00,dovish,0,1
1199,2012-03-26 00:00:00,dovish,0,1
1200,2012-03-26 00:00:00,hawkish,1,0
1201,2012-03-27 00:00:00,dovish,0,1
1202,2012-03-27 00:00:00,dovish,0,1
1203,2012-03-29 00:00:00,hawkish,1,0
1204,2012-04-09 00:00:00,dovish,0,1
1205,2012-04-10 00:00:00,neutral,0,0
1206,2012-04-11 00:00:00,dovish,0,1
1207,2012-04-12 00:00:00,dovish,0,1
1208,2012-04-12 00:00:00,dovish,0,1
1209,2012-04-13 00:00:00,dovish,0,1
1210,2012-04-13 00:00:00,dovish,0,1
1211,2012-05-02 00:00:00,neutral,0,0
1212,2012-05-08 00:00:00,neutral,0,0
1213,2012-05-10 00:00:00,dovish,0,1
1214,2012-05-15 00:00:00,dovish,0,1
1215,2012-05-24 00:00:00,dovish,0,1
1216,2012-05-30 00:00:00,dovish,0,1
1217,2012-06-05 00:00:00,hawkish,1,0
1218,2012-06-06 00:00:00,dovish,0,1
1219,2012-06-06 00:00:00,neutral,0,0
1220,2012-06-07 00:00:00,dovish,0,1
1221,2012-06-12 00:00:00,hawkish,1,0
1222,2012-06-29 00:00:00,neutral,0,0
1223,2012-07-17 00:00:00,dovish,0,1
1224,2012-07-20 00:00:00,dovish,0,1
1225,2012-07-23 00:00:00,dovish,0,1
1226,2012-07-24 00:00:00,neutral,0,0
1227,2012-08-06 00:00:00,neutral,0,0
1228,2012-08-07 00:00:00,neutral,0,0
1229,2012-08-31 00:00:00,dovish,0,1
1230,2012-09-18 00:00:00,dovish,0,1
1231,2012-10-01 00:00:00,dovish,0,1
1232,2012-10-05 00:00:00,dovish,0,1
1233,2012-10-10 00:00:00,neutral,0,0
1234,2012-10-11 00:00:00,dovish,0,1
1235,2012-10-11 00:00:00,dovish,0,1
1236,2012-10-14 00:00:00,dovish,0,1
1237,2012-10-15 00:00:00,dovish,0,1
1238,2012-11-09 00:00:00,dovish,0,1
1239,2012-11-13 00:00:00,dovish,0,1
1240,2012-11-15 00:00:00,neutral,0,0
1241,2012-11-15 00:00:00,dovish,0,1
1242,2012-11-20 00:00:00,dovish,0,1
1243,2012-11-27 00:00:00,neutral,0,0
1244,2012-11-28 00:00:00,hawkish,1,0
1245,2012-11-29 00:00:00,dovish,0,1
1246,2012-12-03 00:00:00,dovish,0,1
1247,2012-12-03 15:34:00,dovish,0,1
1248,2012-12-04 00:00:00,hawkish,1,0
1249,2012-12-17 00:00:00,neutral,0,0
1250,2013-01-04 00:00:00,dovish,0,1
1251,2013-02-01 00:00:00,neutral,0,0
1252,2013-02-05 00:00:00,neutral,0,0
1253,2013-02-07 00:00:00,hawkish,1,0
1254,2013-02-11 00:00:00,dovish,0,1
1255,2013-02-12 00:00:00,neutral,0,0
1256,2013-02-14 00:00:00,neutral,0,0
1257,2013-02-22 00:00:00,dovish,0,1
1258,2013-02-22 00:00:00,neutral,0,0
1259,2013-02-26 00:00:00,dovish,0,1
1260,2013-02-28 00:00:00,neutral,0,0
1261,2013-02-28 00:00:00,neutral,0,0
1262,2013-03-01 00:00:00,dovish,0,1
1263,2013-03-01 00:00:00,dovish,0,1
1264,2013-03-04 00:00:00,neutral,0,0
1265,2013-03-04 00:00:00,dovish,0,1
1266,2013-03-06 00:00:00,neutral,0,0
1267,2013-03-07 00:00:00,neutral,0,0
1268,2013-03-08 00:00:00,dovish,0,1
1269,2013-03-22 00:00:00,dovish,0,1
1270,2013-03-25 00:00:00,dovish,0,1
1271,2013-03-25 00:00:00,dovish,0,1
1272,2013-03-27 00:00:00,dovish,0,1
1273,2013-04-04 00:00:00,dovish,0,1
1274,2013-04-04 00:00:00,dovish,0,1
1275,2013-04-08 00:00:00,neutral,0,0
1276,2013-04-12 00:00:00,neutral,0,0
1277,2013-04-16 00:00:00,dovish,0,1
1278,2013-04-16 00:00:00,dovish,0,1
1279,2013-04-17 00:00:00,hawkish,1,0
1280,2013-04-17 00:00:00,neutral,0,0
1281,2013-04-18 00:00:00,dovish,0,1
1282,2013-04-19 00:00:00,hawkish,1,0
1283,2013-04-22 00:00:00,neutral,0,0
1284,2013-05-03 00:00:00,neutral,0,0
1285,2013-05-09 00:00:00,dovish,0,1
1286,2013-05-10 00:00:00,neutral,0,0
1287,2013-05-16 00:00:00,dovish,0,1
1288,2013-05-21 00:00:00,dovish,0,1
1289,2013-05-22 00:00:00,hawkish,1,0
1290,2013-06-02 00:00:00,dovish,0,1
1291,2013-06-02 00:00:00,dovish,0,1
1292,2013-06-06 00:00:00,hawkish,1,0
1293,2013-06-23 00:00:00,neutral,0,0
1294,2013-06-27 00:00:00,dovish,0,1
1295,2013-06-27 00:00:00,neutral,0,0
1296,2013-06-28 00:00:00,neutral,0,0
1297,2013-07-02 00:00:00,dovish,0,1
1298,2013-07-02 00:00:00,neutral,0,0
1299,2013-07-05 00:00:00,neutral,0,0
1300,2013-07-10 00:00:00,neutral,0,0
1301,2013-07-11 00:00:00,neutral,0,0
1302,2013-07-17 00:00:00,dovish,0,1
1303,2013-07-17 00:00:00,hawkish,1,0
1304,2013-09-12 00:00:00,neutral,0,0
1305,2013-09-20 00:00:00,neutral,0,0
1306,2013-09-23 00:00:00,hawkish,1,0
1307,2013-09-25 00:00:00,neutral,0,0
1308,2013-09-26 00:00:00,neutral,0,0
1309,2013-09-27 00:00:00,dovish,0,1
1310,2013-10-02 00:00:00,neutral,0,0
1311,2013-10-03 00:00:00,hawkish,1,0
1312,2013-10-03 00:00:00,neutral,0,0
1313,2013-10-04 00:00:00,neutral,0,0
1314,2013-10-04 00:00:00,neutral,0,0
1315,2013-10-08 00:00:00,neutral,0,0
1316,2013-10-11 00:00:00,neutral,0,0
1317,2013-10-14 00:00:00,dovish,0,1
1318,2013-10-15 00:00:00,dovish,0,1
1319,2013-10-18 00:00:00,neutral,0,0
1320,2013-10-18 00:00:00,hawkish,1,0
1321,2013-10-18 00:00:00,neutral,0,0
1322,2013-10-31 00:00:00,neutral,0,0
1323,2013-11-04 00:00:00,hawkish,1,0
1324,2013-11-07 00:00:00,neutral,0,0
1325,2013-11-08 00:00:00,dovish,0,1
1326,2013-11-13 00:00:00,neutral,0,0
1327,2013-11-14 00:00:00,dovish,0,1
1328,2013-11-14 00:00:00,dovish,0,1
1329,2013-11-15 00:00:00,neutral,0,0
1330,2013-11-18 00:00:00,dovish,0,1
1331,2013-11-19 00:00:00,dovish,0,1
1332,2013-11-20 00:00:00,neutral,0,0
1333,2013-11-21 00:00:00,neutral,0,0
1334,2013-11-22 00:00:00,neutral,0,0
1335,2013-12-02 00:00:00,dovish,0,1
1336,2013-12-16 00:00:00,neutral,0,0
1337,2013-12-16 00:00:00,dovish,0,1
1338,2014-01-03 00:00:00,neutral,0,0
1339,2014-01-03 00:00:00,dovish,0,1
1340,2014-01-04 00:00:00,dovish,0,1
1341,2014-01-04 00:00:00,dovish,0,1
1342,2014-01-04 00:00:00,hawkish,1,0
1343,2014-01-09 00:00:00,dovish,0,1
1344,2014-01-14 00:00:00,hawkish,1,0
1345,2014-01-14 00:00:00,hawkish,1,0
1346,2014-02-04 00:00:00,neutral,0,0
1347,2014-02-05 00:00:00,neutral,0,0
1348,2014-02-06 00:00:00,neutral,0,0
1349,2014-02-11 00:00:00,hawkish,1,0
1350,2014-02-11 00:00:00,dovish,0,1
1351,2014-02-11 00:00:00,hawkish,1,0
1352,2014-02-25 00:00:00,neutral,0,0
1353,2014-02-26 00:00:00,neutral,0,0
1354,2014-02-28 00:00:00,hawkish,1,0
1355,2014-02-28 00:00:00,hawkish,1,0
1356,2014-03-05 00:00:00,dovish,0,1
1357,2014-03-05 00:00:00,hawkish,1,0
1358,2014-03-05 00:00:00,neutral,0,0
1359,2014-03-06 00:00:00,hawkish,1,0
1360,2014-03-07 00:00:00,neutral,0,0
1361,2014-03-21 00:00:00,neutral,0,0
1362,2014-03-24 00:00:00,neutral,0,0
1363,2014-03-25 00:00:00,dovish,0,1
1364,2014-03-25 00:00:00,hawkish,1,0
1365,2014-03-27 00:00:00,neutral,0,0
1366,2014-03-27 00:00:00,neutral,0,0
1367,2014-03-27 00:00:00,neutral,0,0
1368,2014-03-28 00:00:00,dovish,0,1
1369,2014-03-31 00:00:00,dovish,0,1
1370,2014-04-04 00:00:00,hawkish,1,0
1371,2014-04-08 00:00:00,dovish,0,1
1372,2014-04-08 00:00:00,neutral,0,0
1373,2014-04-09 00:00:00,dovish,0,1
1374,2014-04-09 00:00:00,dovish,0,1
1375,2014-04-12 00:00:00,dovish,0,1
1376,2014-04-15 00:00:00,dovish,0,1
1377,2014-04-16 00:00:00,dovish,0,1
1378,2014-04-29 00:00:00,neutral,0,0
1379,2014-05-01 00:00:00,dovish,0,1
1380,2014-05-06 00:00:00,neutral,0,0
1381,2014-05-07 00:00:00,dovish,0,1
1382,2014-05-08 00:00:00,neutral,0,0
1383,2014-05-08 00:00:00,hawkish,1,0
1384,2014-05-09 00:00:00,hawkish,1,0
1385,2014-05-12 00:00:00,hawkish,1,0
1386,2014-05-14 07:24:00,neutral,0,0
1387,2014-05-15 00:00:00,dovish,0,1
1388,2014-05-17 00:00:00,hawkish,1,0
1389,2014-05-20 00:00:00,hawkish,1,0
1390,2014-05-20 00:00:00,hawkish,1,0
1391,2014-05-21 00:00:00,dovish,0,1
1392,2014-05-21 00:00:00,dovish,0,1
1393,2014-05-21 00:00:00,dovish,0,1
1394,2014-05-28 00:00:00,hawkish,1,0
1395,2014-05-30 00:00:00,hawkish,1,0
1396,2014-06-05 00:00:00,dovish,0,1
1397,2014-06-06 08:42:00,neutral,0,0
1398,2014-06-09 00:00:00,neutral,0,0
1399,2014-06-24 00:00:00,neutral,0,0
1400,2014-06-24 00:00:00,hawkish,1,0
1401,2014-06-24 00:00:00,dovish,0,1
1402,2014-06-25 00:00:00,neutral,0,0
1403,2014-07-02 00:00:00,dovish,0,1
1404,2014-07-08 00:00:00,dovish,0,1
1405,2014-07-10 00:00:00,neutral,0,0
1406,2014-07-23 00:00:00,neutral,0,0
1407,2014-08-11 00:00:00,dovish,0,1
1408,2014-08-13 00:00:00,neutral,0,0
1409,2014-08-15 00:00:00,dovish,0,1
1410,2014-08-25 13:50:00,dovish,0,1
1411,2014-09-04 00:00:00,dovish,0,1
1412,2014-09-04 00:00:00,neutral,0,0
1413,2014-09-04 00:00:00,hawkish,1,0
1414,2014-09-06 00:00:00,hawkish,1,0
1415,2014-09-09 00:00:00,neutral,0,0
1416,2014-09-18 00:00:00,dovish,0,1
1417,2014-09-22 00:00:00,dovish,0,1
1418,2014-09-23 00:00:00,neutral,0,0
1419,2014-09-24 00:00:00,dovish,0,1
1420,2014-09-25 00:00:00,neutral,0,0
1421,2014-09-29 00:00:00,dovish,0,1
1422,2014-09-30 00:00:00,neutral,0,0
1423,2014-10-02 00:00:00,neutral,0,0
1424,2014-10-07 00:00:00,dovish,0,1
1425,2014-10-07 00:00:00,neutral,0,0
1426,2014-10-07 00:00:00,neutral,0,0
1427,2014-10-07 00:00:00,neutral,0,0
1428,2014-10-08 00:00:00,hawkish,1,0
1429,2014-10-10 00:00:00,hawkish,1,0
1430,2014-10-11 00:00:00,neutral,0,0
1431,2014-10-16 00:00:00,hawkish,1,0
1432,2014-10-17 00:00:00,dovish,0,1
1433,2014-10-20 00:00:00,neutral,0,0
1434,2014-10-20 00:00:00,neutral,0,0
1435,2014-10-20 00:00:00,neutral,0,0
1436,2014-10-25 00:00:00,neutral,0,0
1437,2014-10-30 00:00:00,neutral,0,0
1438,2014-11-03 00:00:00,hawkish,1,0
1439,2014-11-06 00:00:00,neutral,0,0
1440,2014-11-07 00:00:00,dovish,0,1
1441,2014-11-07 00:00:00,dovish,0,1
1442,2014-11-07 00:00:00,neutral,0,0
1443,2014-11-13 00:00:00,hawkish,1,0
1444,2014-11-13 00:00:00,hawkish,1,0
1445,2014-11-14 00:00:00,dovish,0,1
1446,2014-11-20 00:00:00,neutral,0,0
1447,2014-11-21 00:00:00,neutral,0,0
1448,2014-11-21 00:00:00,neutral,0,0
1449,2014-12-01 00:00:00,hawkish,1,0
1450,2014-12-02 00:00:00,dovish,0,1
1451,2014-12-03 00:00:00,dovish,0,1
1452,2014-12-03 00:00:00,hawkish,1,0
1453,2014-12-03 00:00:00,hawkish,1,0
1454,2015-01-09 00:00:00,hawkish,1,0
1455,2015-01-12 00:00:00,hawkish,1,0
1456,2015-01-14 00:00:00,hawkish,1,0
1457,2015-01-20 00:00:00,neutral,0,0
1458,2015-01-20 00:00:00,neutral,0,0
1459,2015-01-30 00:00:00,hawkish,1,0
1460,2015-02-04 00:00:00,neutral,0,0
1461,2015-02-05 00:00:00,neutral,0,0
1462,2015-02-06 00:00:00,hawkish,1,0
1463,2015-02-09 00:00:00,neutral,0,0
1464,2015-02-09 00:00:00,neutral,0,0
1465,2015-02-10 00:00:00,neutral,0,0
1466,2015-02-16 00:00:00,dovish,0,1
1467,2015-02-17 00:00:00,neutral,0,0
1468,2015-02-17 00:00:00,neutral,0,0
1469,2015-02-18 00:00:00,neutral,0,0
1470,2015-02-24 00:00:00,dovish,0,1
1471,2015-02-27 00:00:00,hawkish,1,0
1472,2015-02-27 00:00:00,neutral,0,0
1473,2015-03-03 00:00:00,neutral,0,0
1474,2015-03-04 00:00:00,neutral,0,0
1475,2015-03-09 00:00:00,neutral,0,0
1476,2015-03-19 00:00:00,neutral,0,0
1477,2015-03-23 00:00:00,hawkish,1,0
1478,2015-03-24 00:00:00,neutral,0,0
1479,2015-03-27 00:00:00,neutral,0,0
1480,2015-03-27 00:00:00,neutral,0,0
1481,2015-03-30 00:00:00,neutral,0,0
1482,2015-04-02 00:00:00,dovish,0,1
1483,2015-04-02 00:00:00,dovish,0,1
1484,2015-04-06 00:00:00,hawkish,1,0
1485,2015-04-08 00:00:00,neutral,0,0
1486,2015-04-13 00:00:00,neutral,0,0
1487,2015-04-14 00:00:00,neutral,0,0
1488,2015-04-15 00:00:00,neutral,0,0
1489,2015-04-20 00:00:00,hawkish,1,0
1490,2015-04-30 00:00:00,neutral,0,0
1491,2015-05-06 00:00:00,neutral,0,0
1492,2015-05-08 00:00:00,dovish,0,1
1493,2015-05-08 00:00:00,dovish,0,1
1494,2015-05-12 00:00:00,hawkish,1,0
1495,2015-05-14 00:00:00,neutral,0,0
1496,2015-05-21 00:00:00,dovish,0,1
1497,2015-05-21 00:00:00,neutral,0,0
1498,2015-05-22 00:00:00,neutral,0,0
1499,2015-05-26 00:00:00,neutral,0,0
1500,2015-06-01 00:00:00,neutral,0,0
1501,2015-06-02 00:00:00,dovish,0,1
1502,2015-06-05 00:00:00,hawkish,1,0
1503,2015-06-24 00:00:00,neutral,0,0
1504,2015-06-25 00:00:00,neutral,0,0
1505,2015-06-30 00:00:00,hawkish,1,0
1506,2015-06-30 00:00:00,neutral,0,0
1507,2015-07-01 00:00:00,dovish,0,1
1508,2015-07-10 00:00:00,hawkish,1,0
1509,2015-07-14 00:00:00,neutral,0,0
1510,2015-07-15 00:00:00,dovish,0,1
1511,2015-08-03 00:00:00,neutral,0,0
1512,2015-08-12 00:00:00,dovish,0,1
1513,2015-08-26 00:00:00,neutral,0,0
1514,2015-08-29 00:00:00,hawkish,1,0
1515,2015-09-24 00:00:00,neutral,0,0
1516,2015-09-28 00:00:00,neutral,0,0
1517,2015-09-30 00:00:00,neutral,0,0
1518,2015-09-30 00:00:00,dovish,0,1
1519,2015-09-30 00:00:00,neutral,0,0
1520,2015-10-02 00:00:00,neutral,0,0
1521,2015-10-03 00:00:00,neutral,0,0
1522,2015-10-11 00:00:00,hawkish,1,0
1523,2015-10-12 00:00:00,dovish,0,1
1524,2015-10-15 00:00:00,hawkish,1,0
1525,2015-10-19 00:00:00,neutral,0,0
1526,2015-10-20 00:00:00,neutral,0,0
1527,2015-10-20 00:00:00,neutral,0,0
1528,2015-11-04 00:00:00,hawkish,1,0
1529,2015-11-04 00:00:00,hawkish,1,0
1530,2015-11-04 00:00:00,hawkish,1,0
1531,2015-11-05 00:00:00,neutral,0,0
1532,2015-11-05 00:00:00,neutral,0,0
1533,2015-11-06 00:00:00,dovish,0,1
1534,2015-11-12 00:00:00,hawkish,1,0
1535,2015-11-12 00:00:00,neutral,0,0
1536,2015-11-12 00:00:00,neutral,0,0
1537,2015-11-16 00:00:00,neutral,0,0
1538,2015-11-17 00:00:00,neutral,0,0
1539,2015-11-17 00:00:00,neutral,0,0
1540,2015-11-18 00:00:00,hawkish,1,0
1541,2015-11-19 00:00:00,neutral,0,0
1542,2015-11-19 00:00:00,neutral,0,0
1543,2015-11-20 00:00:00,neutral,0,0
1544,2015-11-20 00:00:00,neutral,0,0
1545,2015-11-23 00:00:00,neutral,0,0
1546,2015-12-01 00:00:00,dovish,0,1
1547,2015-12-02 00:00:00,hawkish,1,0
1548,2015-12-02 00:00:00,neutral,0,0
1549,2015-12-03 00:00:00,hawkish,1,0
1550,2015-12-03 00:00:00,neutral,0,0
1551,2015-12-04 00:00:00,neutral,0,0
1552,2016-01-03 00:00:00,hawkish,1,0
1553,2016-01-15 00:00:00,hawkish,1,0
1554,2016-02-01 00:00:00,dovish,0,1
1555,2016-02-10 00:00:00,neutral,0,0
1556,2016-02-10 00:00:00,dovish,0,1
1557,2016-02-12 00:00:00,neutral,0,0
1558,2016-02-22 00:00:00,neutral,0,0
1559,2016-02-23 00:00:00,dovish,0,1
1560,2016-02-26 00:00:00,dovish,0,1
1561,2016-02-26 00:00:00,neutral,0,0
1562,2016-02-29 00:00:00,dovish,0,1
1563,2016-03-07 00:00:00,neutral,0,0
1564,2016-03-07 00:00:00,dovish,0,1
1565,2016-03-15 00:00:00,neutral,0,0
1566,2016-03-18 00:00:00,neutral,0,0
1567,2016-03-18 16:02:00,neutral,0,0
1568,2016-03-29 00:00:00,dovish,0,1
1569,2016-03-31 00:00:00,hawkish,1,0
1570,2016-04-08 00:00:00,neutral,0,0
1571,2016-04-11 00:00:00,neutral,0,0
1572,2016-04-11 00:00:00,neutral,0,0
1573,2016-04-14 00:00:00,neutral,0,0
1574,2016-04-14 00:00:00,neutral,0,0
1575,2016-04-18 00:00:00,neutral,0,0
1576,2016-05-01 00:00:00,dovish,0,1
1577,2016-05-04 00:00:00,neutral,0,0
1578,2016-05-10 00:00:00,neutral,0,0
1579,2016-05-19 00:00:00,neutral,0,0
1580,2016-05-19 00:00:00,neutral,0,0
1581,2016-05-19 00:00:00,neutral,0,0
1582,2016-05-20 00:00:00,neutral,0,0
1583,2016-05-26 00:00:00,dovish,0,1
1584,2016-06-03 00:00:00,dovish,0,1
1585,2016-06-06 00:00:00,neutral,0,0
1586,2016-06-21 00:00:00,neutral,0,0
1587,2016-06-21 00:00:00,neutral,0,0
1588,2016-06-22 00:00:00,neutral,0,0
1589,2016-06-28 00:00:00,neutral,0,0
1590,2016-07-12 00:00:00,neutral,0,0
1591,2016-07-31 00:00:00,neutral,0,0
1592,2016-07-31 00:00:00,neutral,0,0
1593,2016-08-18 00:00:00,neutral,0,0
1594,2016-08-21 00:00:00,hawkish,1,0
1595,2016-08-26 00:00:00,dovish,0,1
1596,2016-08-26 00:00:00,neutral,0,0
1597,2016-09-07 00:00:00,neutral,0,0
1598,2016-09-12 00:00:00,dovish,0,1
1599,2016-09-26 00:00:00,neutral,0,0
1600,2016-09-27 00:00:00,neutral,0,0
1601,2016-09-28 00:00:00,neutral,0,0
1602,2016-09-29 00:00:00,neutral,0,0
1603,2016-09-29 00:00:00,neutral,0,0
1604,2016-09-30 00:00:00,neutral,0,0
1605,2016-10-03 00:00:00,neutral,0,0
1606,2016-10-07 00:00:00,neutral,0,0
1607,2016-10-09 00:00:00,hawkish,1,0
1608,2016-10-14 00:00:00,dovish,0,1
1609,2016-10-17 00:00:00,dovish,0,1
1610,2016-10-19 00:00:00,neutral,0,0
1611,2016-10-19 00:00:00,neutral,0,0
1612,2016-10-20 00:00:00,neutral,0,0
1613,2016-10-21 00:00:00,neutral,0,0
1614,2016-10-24 00:00:00,neutral,0,0
1615,2016-10-24 00:00:00,neutral,0,0
1616,2016-11-02 00:00:00,neutral,0,0
1617,2016-11-04 00:00:00,hawkish,1,0
1618,2016-11-15 00:00:00,neutral,0,0
1619,2016-11-17 00:00:00,dovish,0,1
1620,2016-11-17 00:00:00,neutral,0,0
1621,2016-11-17 00:00:00,neutral,0,0
1622,2016-11-18 00:00:00,dovish,0,1
1623,2016-11-18 00:00:00,neutral,0,0
1624,2016-11-21 00:00:00,dovish,0,1
1625,2016-11-29 00:00:00,dovish,0,1
1626,2016-11-29 00:00:00,hawkish,1,0
1627,2016-11-30 00:00:00,neutral,0,0
1628,2016-12-02 00:00:00,hawkish,1,0
1629,2016-12-02 00:00:00,neutral,0,0
1630,2016-12-03 00:00:00,neutral,0,0
1631,2016-12-05 00:00:00,hawkish,1,0
1632,2016-12-19 00:00:00,neutral,0,0
1633,2017-01-07 00:00:00,neutral,0,0
1634,2017-01-11 00:00:00,neutral,0,0
1635,2017-01-12 00:00:00,neutral,0,0
1636,2017-01-17 00:00:00,hawkish,1,0
1637,2017-01-17 00:00:00,dovish,0,1
1638,2017-01-18 00:00:00,hawkish,1,0
1639,2017-01-19 00:00:00,hawkish,1,0
1640,2017-02-11 00:00:00,hawkish,1,0
1641,2017-02-14 00:00:00,neutral,0,0
1642,2017-02-15 00:00:00,neutral,0,0
1643,2017-02-22 00:00:00,hawkish,1,0
1644,2017-02-23 00:00:00,neutral,0,0
1645,2017-03-01 00:00:00,dovish,0,1
1646,2017-03-03 00:00:00,hawkish,1,0
1647,2017-03-03 00:00:00,hawkish,1,0
1648,2017-03-03 00:00:00,neutral,0,0
1649,2017-03-08 00:00:00,neutral,0,0
1650,2017-03-21 00:00:00,neutral,0,0
1651,2017-03-21 00:00:00,neutral,0,0
1652,2017-03-23 00:00:00,neutral,0,0
1653,2017-03-24 00:00:00,hawkish,1,0
1654,2017-03-28 00:00:00,dovish,0,1
1655,2017-03-28 00:00:00,neutral,0,0
1656,2017-03-30 00:00:00,dovish,0,1
1657,2017-04-03 00:00:00,neutral,0,0
1658,2017-04-04 00:00:00,neutral,0,0
1659,2017-04-05 00:00:00,neutral,0,0
1660,2017-04-05 00:00:00,neutral,0,0
1661,2017-04-06 00:00:00,neutral,0,0
1662,2017-04-07 00:00:00,neutral,0,0
1663,2017-04-17 00:00:00,neutral,0,0
1664,2017-04-19 00:00:00,hawkish,1,0
1665,2017-04-20 00:00:00,hawkish,1,0
1666,2017-04-28 00:00:00,neutral,0,0
1667,2017-05-05 00:00:00,neutral,0,0
1668,2017-05-05 00:00:00,hawkish,1,0
1669,2017-05-09 00:00:00,neutral,0,0
1670,2017-05-09 00:00:00,neutral,0,0
1671,2017-05-11 00:00:00,neutral,0,0
1672,2017-05-18 00:00:00,neutral,0,0
1673,2017-05-22 00:00:00,dovish,0,1
1674,2017-05-30 00:00:00,dovish,0,1
1675,2017-06-01 00:00:00,hawkish,1,0
1676,2017-06-20 00:00:00,neutral,0,0
1677,2017-06-22 00:00:00,neutral,0,0
1678,2017-06-23 00:00:00,neutral,0,0
1679,2017-06-25 00:00:00,neutral,0,0
1680,2017-06-26 00:00:00,neutral,0,0
1681,2017-06-27 00:00:00,neutral,0,0
1682,2017-07-06 00:00:00,neutral,0,0
1683,2017-07-06 00:00:00,neutral,0,0
1684,2017-07-11 00:00:00,dovish,0,1
1685,2017-07-12 00:00:00,hawkish,1,0
1686,2017-07-12 00:00:00,neutral,0,0
1687,2017-07-28 00:00:00,neutral,0,0
1688,2017-07-31 00:00:00,neutral,0,0
1689,2017-08-10 00:00:00,neutral,0,0
1690,2017-08-16 00:00:00,neutral,0,0
1691,2017-08-25 00:00:00,hawkish,1,0
1692,2017-08-30 00:00:00,neutral,0,0
1693,2017-09-05 00:00:00,dovish,0,1
1694,2017-09-07 00:00:00,hawkish,1,0
1695,2017-09-25 00:00:00,neutral,0,0
1696,2017-09-26 00:00:00,hawkish,1,0
1697,2017-09-26 00:00:00,dovish,0,1
1698,2017-09-27 00:00:00,dovish,0,1
1699,2017-09-28 00:00:00,neutral,0,0
1700,2017-10-04 00:00:00,neutral,0,0
1701,2017-10-05 00:00:00,neutral,0,0
1702,2017-10-06 00:00:00,hawkish,1,0
1703,2017-10-11 00:00:00,hawkish,1,0
1704,2017-10-15 00:00:00,neutral,0,0
1705,2017-10-19 22:00:00,neutral,0,0
1706,2017-10-20 00:00:00,neutral,0,0
1707,2017-11-02 00:00:00,neutral,0,0
1708,2017-11-06 00:00:00,hawkish,1,0
1709,2017-11-06 00:00:00,neutral,0,0
1710,2017-11-07 00:00:00,neutral,0,0
1711,2017-11-15 00:00:00,neutral,0,0
1712,2017-11-15 00:00:00,neutral,0,0
1713,2017-11-16 00:00:00,neutral,0,0
1714,2017-11-16 00:00:00,hawkish,1,0
1715,2017-11-28 00:00:00,neutral,0,0
1716,2017-11-28 00:00:00,hawkish,1,0
1717,2017-11-29 00:00:00,hawkish,1,0
1718,2017-11-30 00:00:00,neutral,0,0
1719,2017-12-07 00:00:00,neutral,0,0
1720,2017-12-07 00:00:00,neutral,0,0
1721,2017-12-13 00:00:00,dovish,0,1
1722,2017-12-20 00:00:00,neutral,0,0
1723,2018-01-06 00:00:00,neutral,0,0
1724,2018-01-11 00:00:00,hawkish,1,0
1725,2018-01-19 00:00:00,neutral,0,0
1726,2018-02-13 00:00:00,neutral,0,0
1727,2018-02-22 00:00:00,dovish,0,1
1728,2018-02-22 00:00:00,hawkish,1,0
1729,2018-02-23 00:00:00,hawkish,1,0
1730,2018-02-26 00:00:00,neutral,0,0
1731,2018-02-26 00:00:00,hawkish,1,0
1732,2018-02-27 00:00:00,hawkish,1,0
1733,2018-03-01 00:00:00,neutral,0,0
1734,2018-03-05 00:00:00,neutral,0,0
1735,2018-03-06 00:00:00,hawkish,1,0
1736,2018-03-26 00:00:00,neutral,0,0
1737,2018-03-26 00:00:00,neutral,0,0
1738,2018-04-03 00:00:00,dovish,0,1
1739,2018-04-17 00:00:00,neutral,0,0
1740,2018-04-17 00:00:00,dovish,0,1
1741,2018-04-18 00:00:00,hawkish,1,0
1742,2018-04-18 00:00:00,neutral,0,0
1743,2018-04-18 00:00:00,neutral,0,0
1744,2018-04-18 00:00:00,neutral,0,0
1745,2018-04-19 00:00:00,dovish,0,1
1746,2018-05-04 00:00:00,neutral,0,0
1747,2018-05-08 00:00:00,hawkish,1,0
1748,2018-05-15 00:00:00,neutral,0,0
1749,2018-05-16 00:00:00,neutral,0,0
1750,2018-05-17 00:00:00,neutral,0,0
1751,2018-05-18 00:00:00,neutral,0,0
1752,2018-05-24 00:00:00,neutral,0,0
1753,2018-05-25 00:00:00,neutral,0,0
1754,2018-05-31 00:00:00,dovish,0,1
1755,2018-06-18 00:00:00,neutral,0,0
1756,2018-06-18 00:00:00,neutral,0,0
1757,2018-06-20 00:00:00,hawkish,1,0
1758,2018-06-22 00:00:00,neutral,0,0
1759,2018-06-27 00:00:00,neutral,0,0
1760,2018-07-17 00:00:00,hawkish,1,0
1761,2018-07-18 00:00:00,neutral,0,0
1762,2018-07-19 00:00:00,neutral,0,0
1763,2018-08-04 00:00:00,hawkish,1,0
1764,2018-08-24 00:00:00,hawkish,1,0
1765,2018-09-12 00:00:00,dovish,0,1
1766,2018-09-27 00:00:00,hawkish,1,0
1767,2018-10-01 00:00:00,hawkish,1,0
1768,2018-10-02 00:00:00,hawkish,1,0
1769,2018-10-03 00:00:00,neutral,0,0
1770,2018-10-04 00:00:00,neutral,0,0
1771,2018-10-04 00:00:00,neutral,0,0
1772,2018-10-09 00:00:00,neutral,0,0
1773,2018-10-10 00:00:00,hawkish,1,0
1774,2018-10-15 00:00:00,dovish,0,1
1775,2018-10-17 00:00:00,neutral,0,0
1776,2018-10-18 00:00:00,hawkish,1,0
1777,2018-10-25 00:00:00,hawkish,1,0
1778,2018-10-26 00:00:00,hawkish,1,0
1779,2018-11-01 00:00:00,neutral,0,0
1780,2018-11-09 00:00:00,neutral,0,0
1781,2018-11-09 00:00:00,neutral,0,0
1782,2018-11-13 00:00:00,neutral,0,0
1783,2018-11-13 00:00:00,dovish,0,1
1784,2018-11-14 00:00:00,neutral,0,0
1785,2018-11-16 00:00:00,neutral,0,0
1786,2018-11-26 00:00:00,neutral,0,0
1787,2018-11-27 00:00:00,hawkish,1,0
1788,2018-11-28 00:00:00,neutral,0,0
1789,2018-11-30 00:00:00,hawkish,1,0
1790,2018-12-03 00:00:00,dovish,0,1
1791,2018-12-03 00:00:00,neutral,0,0
1792,2018-12-03 00:00:00,dovish,0,1
1793,2018-12-05 00:00:00,neutral,0,0
1794,2018-12-06 00:00:00,hawkish,1,0
1795,2018-12-07 00:00:00,dovish,0,1
1796,2019-01-09 00:00:00,neutral,0,0
1797,2019-01-10 00:00:00,dovish,0,1
1798,2019-01-18 00:00:00,dovish,0,1
1799,2019-02-01 00:00:00,neutral,0,0
1800,2019-02-06 00:00:00,neutral,0,0
1801,2019-02-06 00:00:00,neutral,0,0
1802,2019-02-10 00:00:00,neutral,0,0
1803,2019-02-11 00:00:00,neutral,0,0
1804,2019-02-12 00:00:00,neutral,0,0
1805,2019-02-22 00:00:00,dovish,0,1
1806,2019-02-22 00:00:00,neutral,0,0
1807,2019-02-22 00:00:00,neutral,0,0
1808,2019-02-22 00:00:00,neutral,0,0
1809,2019-02-23 00:00:00,neutral,0,0
1810,2019-02-26 00:00:00,dovish,0,1
1811,2019-02-26 00:00:00,neutral,0,0
1812,2019-02-26 00:00:00,neutral,0,0
1813,2019-02-28 00:00:00,neutral,0,0
1814,2019-02-28 00:00:00,dovish,0,1
1815,2019-03-01 00:00:00,neutral,0,0
1816,2019-03-06 00:00:00,neutral,0,0
1817,2019-03-07 00:00:00,dovish,0,1
1818,2019-03-08 00:00:00,dovish,0,1
1819,2019-03-11 00:00:00,dovish,0,1
1820,2019-03-12 00:00:00,dovish,0,1
1821,2019-03-25 00:00:00,neutral,0,0
1822,2019-03-28 00:00:00,hawkish,1,0
1823,2019-03-28 00:00:00,neutral,0,0
1824,2019-03-28 00:00:00,dovish,0,1
1825,2019-03-29 00:00:00,hawkish,1,0
1826,2019-04-02 00:00:00,neutral,0,0
1827,2019-04-02 00:00:00,neutral,0,0
1828,2019-04-02 00:00:00,neutral,0,0
1829,2019-04-04 00:00:00,neutral,0,0
1830,2019-04-04 00:00:00,dovish,0,1
1831,2019-04-09 00:00:00,neutral,0,0
1832,2019-04-10 00:00:00,neutral,0,0
1833,2019-04-11 00:00:00,neutral,0,0
1834,2019-04-11 00:00:00,neutral,0,0
1835,2019-04-11 00:00:00,neutral,0,0
1836,2019-04-12 00:00:00,neutral,0,0
1837,2019-05-03 00:00:00,neutral,0,0
1838,2019-05-08 00:00:00,dovish,0,1
1839,2019-05-09 00:00:00,neutral,0,0
1840,2019-05-10 00:00:00,dovish,0,1
1841,2019-05-10 00:00:00,neutral,0,0
1842,2019-05-13 00:00:00,neutral,0,0
1843,2019-05-14 00:00:00,neutral,0,0
1844,2019-05-16 00:00:00,dovish,0,1
1845,2019-05-20 00:00:00,neutral,0,0
1846,2019-05-30 00:00:00,neutral,0,0
1847,2019-05-30 00:00:00,neutral,0,0
1848,2019-05-31 00:00:00,neutral,0,0
1849,2019-06-03 00:00:00,neutral,0,0
1850,2019-06-04 00:00:00,neutral,0,0
1851,2019-06-04 00:00:00,neutral,0,0
1852,2019-06-05 00:00:00,neutral,0,0
1853,2019-06-05 00:00:00,neutral,0,0
1854,2019-06-06 00:00:00,dovish,0,1
1855,2019-06-21 00:00:00,dovish,0,1
1856,2019-06-25 00:00:00,dovish,0,1
1857,2019-06-25 00:00:00,neutral,0,0
1858,2019-06-25 00:00:00,neutral,0,0
1859,2019-07-01 00:00:00,neutral,0,0
1860,2019-07-09 00:00:00,neutral,0,0
1861,2019-07-09 00:00:00,neutral,0,0
1862,2019-07-11 00:00:00,dovish,0,1
1863,2019-07-11 00:00:00,neutral,0,0
1864,2019-07-15 00:00:00,neutral,0,0
1865,2019-07-16 00:00:00,dovish,0,1
1866,2019-07-18 00:00:00,dovish,0,1
1867,2019-08-05 00:00:00,neutral,0,0
1868,2019-08-20 00:00:00,neutral,0,0
1869,2019-08-23 00:00:00,dovish,0,1
1870,2019-09-04 00:00:00,neutral,0,0
1871,2019-09-04 00:00:00,hawkish,1,0
1872,2019-09-05 00:00:00,neutral,0,0
1873,2019-09-23 00:00:00,neutral,0,0
1874,2019-09-25 00:00:00,dovish,0,1
1875,2019-09-26 00:00:00,dovish,0,1
1876,2019-09-26 00:00:00,neutral,0,0
1877,2019-09-27 00:00:00,neutral,0,0
1878,2019-10-01 00:00:00,neutral,0,0
1879,2019-10-01 00:00:00,neutral,0,0
1880,2019-10-03 00:00:00,neutral,0,0
1881,2019-10-04 00:00:00,dovish,0,1
1882,2019-10-07 00:00:00,neutral,0,0
1883,2019-10-08 00:00:00,dovish,0,1
1884,2019-10-09 00:00:00,dovish,0,1
1885,2019-10-16 00:00:00,neutral,0,0
1886,2019-10-17 00:00:00,neutral,0,0
1887,2019-10-17 00:00:00,neutral,0,0
1888,2019-10-21 00:00:00,neutral,0,0
1889,2019-11-01 00:00:00,neutral,0,0
1890,2019-11-01 00:00:00,dovish,0,1
1891,2019-11-07 00:00:00,neutral,0,0
1892,2019-11-07 00:00:00,neutral,0,0
1893,2019-11-07 00:00:00,neutral,0,0
1894,2019-11-08 00:00:00,neutral,0,0
1895,2019-11-12 00:00:00,dovish,0,1
1896,2019-11-13 00:00:00,neutral,0,0
1897,2019-11-14 00:00:00,neutral,0,0
1898,2019-11-14 00:00:00,neutral,0,0
1899,2019-11-14 00:00:00,neutral,0,0
1900,2019-11-25 00:00:00,dovish,0,1
1901,2019-11-26 00:00:00,dovish,0,1
1902,2019-12-03 00:00:00,neutral,0,0
1903,2019-12-04 00:00:00,neutral,0,0
1904,2019-12-18 00:00:00,neutral,0,0
1905,2020-01-08 00:00:00,neutral,0,0
1906,2020-01-09 00:00:00,neutral,0,0
1907,2020-01-09 00:00:00,neutral,0,0
1908,2020-01-14 00:00:00,neutral,0,0
1909,2020-01-16 00:00:00,neutral,0,0
1910,2020-01-17 00:00:00,neutral,0,0
1911,2020-02-05 00:00:00,neutral,0,0
1912,2020-02-06 00:00:00,neutral,0,0
1913,2020-02-10 00:00:00,neutral,0,0
1914,2020-02-11 00:00:00,neutral,0,0
1915,2020-02-11 00:00:00,neutral,0,0
1916,2020-02-21 00:00:00,dovish,0,1
1917,2020-02-25 00:00:00,neutral,0,0
1918,2020-02-27 00:00:00,neutral,0,0
1919,2020-03-04 00:00:00,neutral,0,0
1920,2020-03-04 00:00:00,neutral,0,0
1921,2020-03-05 00:00:00,neutral,0,0
1922,2020-03-06 00:00:00,dovish,0,1
1923,2020-04-09 00:00:00,dovish,0,1
1924,2020-04-16 00:00:00,dovish,0,1
1925,2020-04-17 00:00:00,dovish,0,1
1926,2020-04-23 00:00:00,dovish,0,1
1927,2020-05-12 00:00:00,dovish,0,1
1928,2020-05-13 00:00:00,dovish,0,1
1929,2020-05-19 00:00:00,dovish,0,1
1930,2020-05-21 00:00:00,dovish,0,1
1931,2020-05-21 00:00:00,dovish,0,1
1932,2020-05-21 00:00:00,dovish,0,1
1933,2020-05-21 00:00:00,dovish,0,1
1934,2020-06-16 00:00:00,dovish,0,1
1935,2020-06-16 00:00:00,dovish,0,1
1936,2020-06-19 00:00:00,dovish,0,1
1937,2020-06-19 00:00:00,dovish,0,1
1938,2020-06-25 00:00:00,dovish,0,1
1939,2020-06-30 00:00:00,dovish,0,1
1940,2020-06-30 00:00:00,dovish,0,1
1941,2020-07-07 00:00:00,hawkish,1,0
1942,2020-07-08 00:00:00,dovish,0,1
1943,2020-07-14 00:00:00,dovish,0,1
1944,2020-07-16 00:00:00,dovish,0,1
1945,2020-08-05 00:00:00,dovish,0,1
1946,2020-08-06 00:00:00,neutral,0,0
1947,2020-08-13 00:00:00,neutral,0,0
1948,2020-08-19 00:00:00,neutral,0,0
1949,2020-08-26 00:00:00,dovish,0,1
1950,2020-08-27 00:00:00,dovish,0,1
1951,2020-08-31 00:00:00,dovish,0,1
1952,2020-09-01 00:00:00,dovish,0,1
1953,2020-09-02 00:00:00,dovish,0,1
1954,2020-09-10 00:00:00,dovish,0,1
1955,2020-09-21 00:00:00,dovish,0,1
1956,2020-09-22 00:00:00,dovish,0,1
1957,2020-09-23 00:00:00,dovish,0,1
1958,2020-09-24 00:00:00,dovish,0,1
1959,2020-09-29 00:00:00,dovish,0,1
1960,2020-09-29 00:00:00,neutral,0,0
1961,2020-09-30 00:00:00,neutral,0,0
1962,2020-10-01 00:00:00,neutral,0,0
1963,2020-10-01 00:00:00,dovish,0,1
1964,2020-10-06 00:00:00,dovish,0,1
1965,2020-10-07 00:00:00,dovish,0,1
1966,2020-10-14 00:00:00,neutral,0,0
1967,2020-10-14 00:00:00,dovish,0,1
1968,2020-10-15 00:00:00,dovish,0,1
1969,2020-10-15 00:00:00,neutral,0,0
1970,2020-10-19 00:00:00,dovish,0,1
1971,2020-10-20 00:00:00,hawkish,1,0
1972,2020-10-20 00:00:00,dovish,0,1
1973,2020-10-20 00:00:00,dovish,0,1
1974,2020-10-21 00:00:00,dovish,0,1
1975,2020-11-10 00:00:00,neutral,0,0
1976,2020-11-10 00:00:00,neutral,0,0
1977,2020-11-10 00:00:00,dovish,0,1
1978,2020-11-16 00:00:00,neutral,0,0
1979,2020-11-16 00:00:00,dovish,0,1
1980,2020-11-17 00:00:00,neutral,0,0
1981,2020-11-19 00:00:00,neutral,0,0
1982,2020-12-01 00:00:00,neutral,0,0
1983,2020-12-01 00:00:00,dovish,0,1
1984,2020-12-04 00:00:00,neutral,0,0
1985,2020-12-11 00:00:00,neutral,0,0
1986,2020-12-17 00:00:00,dovish,0,1
1987,2020-12-18 00:00:00,neutral,0,0
1988,2021-01-08 00:00:00,dovish,0,1
1989,2021-01-13 00:00:00,dovish,0,1
1990,2021-01-13 00:00:00,dovish,0,1
1991,2021-02-10 00:00:00,dovish,0,1
1992,2021-02-16 00:00:00,neutral,0,0
1993,2021-02-18 00:00:00,neutral,0,0
1994,2021-02-21 00:00:00,dovish,0,1
1995,2021-02-22 00:00:00,neutral,0,0
1996,2021-02-23 00:00:00,dovish,0,1
1997,2021-02-24 00:00:00,dovish,0,1
1998,2021-02-25 00:00:00,neutral,0,0
1999,2021-02-25 00:00:00,dovish,0,1
2000,2021-03-01 00:00:00,dovish,0,1
2001,2021-03-02 00:00:00,dovish,0,1
2002,2021-03-18 00:00:00,neutral,0,0
2003,2021-03-22 00:00:00,dovish,0,1
2004,2021-03-22 00:00:00,neutral,0,0
2005,2021-03-23 00:00:00,neutral,0,0
2006,2021-03-23 00:00:00,dovish,0,1
2007,2021-03-23 00:00:00,dovish,0,1
2008,2021-03-25 00:00:00,dovish,0,1
2009,2021-03-29 00:00:00,neutral,0,0
2010,2021-03-30 00:00:00,neutral,0,0
2011,2021-04-14 00:00:00,dovish,0,1
2012,2021-05-03 00:00:00,dovish,0,1
2013,2021-05-04 00:00:00,dovish,0,1
2014,2021-05-05 00:00:00,hawkish,1,0
2015,2021-05-11 00:00:00,dovish,0,1
2016,2021-05-11 00:00:00,dovish,0,1
2017,2021-05-12 00:00:00,dovish,0,1
2018,2021-05-13 00:00:00,hawkish,1,0
2019,2021-05-17 00:00:00,dovish,0,1
2020,2021-05-19 00:00:00,neutral,0,0
2021,2021-05-24 00:00:00,neutral,0,0
2022,2021-05-26 00:00:00,neutral,0,0
2023,2021-05-26 00:00:00,dovish,0,1
2024,2021-06-01 00:00:00,dovish,0,1
2025,2021-06-03 00:00:00,neutral,0,0
2026,2021-06-11 00:00:00,neutral,0,0
2027,2021-06-21 00:00:00,dovish,0,1
2028,2021-06-22 00:00:00,dovish,0,1
2029,2021-06-23 00:00:00,hawkish,1,0
2030,2021-06-28 00:00:00,neutral,0,0
2031,2021-07-12 00:00:00,dovish,0,1
2032,2021-07-14 00:00:00,dovish,0,1
2033,2021-07-30 00:00:00,dovish,0,1
2034,2021-08-03 00:00:00,neutral,0,0
2035,2021-08-04 00:00:00,dovish,0,1
2036,2021-08-05 00:00:00,neutral,0,0
2037,2021-08-17 00:00:00,dovish,0,1
2038,2021-08-27 00:00:00,dovish,0,1
2039,2021-09-08 00:00:00,hawkish,1,0
2040,2021-09-09 00:00:00,neutral,0,0
2041,2021-09-09 00:00:00,dovish,0,1
2042,2021-09-24 00:00:00,hawkish,1,0
2043,2021-09-27 00:00:00,dovish,0,1
2044,2021-09-27 00:00:00,hawkish,1,0
2045,2021-09-28 00:00:00,neutral,0,0
2046,2021-10-05 00:00:00,neutral,0,0
2047,2021-10-07 00:00:00,neutral,0,0
2048,2021-10-12 00:00:00,neutral,0,0
2049,2021-10-13 00:00:00,hawkish,1,0
2050,2021-10-13 00:00:00,dovish,0,1
2051,2021-10-18 00:00:00,hawkish,1,0
2052,2021-10-19 00:00:00,hawkish,1,0
2053,2021-10-19 00:00:00,neutral,0,0
2054,2021-10-20 00:00:00,hawkish,1,0
2055,2021-10-22 00:00:00,neutral,0,0
2056,2021-11-08 00:00:00,neutral,0,0
2057,2021-11-09 00:00:00,neutral,0,0
2058,2021-11-17 00:00:00,hawkish,1,0
2059,2021-11-19 00:00:00,hawkish,1,0
2060,2021-11-29 00:00:00,neutral,0,0
2061,2021-11-30 00:00:00,neutral,0,0
2062,2021-12-17 00:00:00,hawkish,1,0
2063,2022-01-11 00:00:00,hawkish,1,0
2064,2022-01-13 00:00:00,hawkish,1,0
2065,2022-01-14 00:00:00,hawkish,1,0
2066,2022-02-03 00:00:00,neutral,0,0
2067,2022-02-18 00:00:00,neutral,0,0
2068,2022-02-18 00:00:00,hawkish,1,0
2069,2022-02-21 00:00:00,hawkish,1,0
2070,2022-02-24 00:00:00,hawkish,1,0
2071,2022-03-02 00:00:00,hawkish,1,0
2072,2022-03-18 00:00:00,neutral,0,0
2073,2022-03-21 00:00:00,hawkish,1,0
2074,2022-03-24 00:00:00,hawkish,1,0
2075,2022-03-25 00:00:00,hawkish,1,0
2076,2022-04-05 00:00:00,dovish,0,1
2077,2022-05-06 00:00:00,hawkish,1,0
2078,2022-05-24 00:00:00,hawkish,1,0
2079,2022-05-30 00:00:00,hawkish,1,0
2080,2022-06-01 00:00:00,hawkish,1,0
2081,2022-06-03 00:00:00,hawkish,1,0
2082,2022-06-17 00:00:00,hawkish,1,0
2083,2022-06-18 00:00:00,hawkish,1,0
2084,2022-06-22 00:00:00,hawkish,1,0
2085,2022-06-23 00:00:00,hawkish,1,0
2086,2022-07-08 00:00:00,hawkish,1,0
2087,2022-07-08 00:00:00,hawkish,1,0
2088,2022-07-14 00:00:00,hawkish,1,0
2089,2022-07-19 00:00:00,neutral,0,0
2090,2022-08-06 00:00:00,hawkish,1,0
2091,2022-08-17 00:00:00,hawkish,1,0
2092,2022-08-17 00:00:00,hawkish,1,0
2093,2022-08-26 00:00:00,hawkish,1,0
2094,2022-08-29 00:00:00,neutral,0,0
2095,2022-09-07 00:00:00,neutral,0,0
2096,2022-09-07 00:00:00,hawkish,1,0
2097,2022-09-09 00:00:00,hawkish,1,0
2098,2022-09-28 00:00:00,hawkish,1,0
2099,2022-09-28 00:00:00,hawkish,1,0
2100,2022-09-30 00:00:00,neutral,0,0
2101,2022-09-30 00:00:00,hawkish,1,0
2102,2022-10-03 00:00:00,hawkish,1,0
2103,2022-10-04 00:00:00,neutral,0,0
2104,2022-10-06 00:00:00,hawkish,1,0
2105,2022-10-06 00:00:00,hawkish,1,0
2106,2022-10-10 00:00:00,hawkish,1,0
2107,2022-10-12 00:00:00,hawkish,1,0
2108,2022-10-12 00:00:00,neutral,0,0
2109,2022-10-14 00:00:00,neutral,0,0
2110,2022-10-20 00:00:00,hawkish,1,0
2111,2022-10-21 00:00:00,neutral,0,0
2112,2022-10-27 00:00:00,neutral,0,0
2113,2022-11-04 00:00:00,neutral,0,0
2114,2022-11-09 00:00:00,hawkish,1,0
2115,2022-11-15 00:00:00,neutral,0,0
2116,2022-11-16 00:00:00,hawkish,1,0
2117,2022-11-16 00:00:00,hawkish,1,0
2118,2022-11-17 00:00:00,neutral,0,0
2119,2022-11-17 00:00:00,neutral,0,0
2120,2022-11-28 00:00:00,hawkish,1,0
2121,2022-11-30 00:00:00,hawkish,1,0
2122,2022-11-30 00:00:00,hawkish,1,0
2123,2022-12-01 00:00:00,neutral,0,0
2124,2023-01-06 00:00:00,hawkish,1,0
2125,2023-01-10 00:00:00,hawkish,1,0
2126,2023-01-10 00:00:00,hawkish,1,0
2127,2023-01-16 00:00:00,neutral,0,0
2128,2023-01-19 00:00:00,hawkish,1,0
2129,2023-01-19 00:00:00,hawkish,1,0
2130,2023-01-20 00:00:00,hawkish,1,0
2131,2023-01-21 00:00:00,hawkish,1,0
2132,2023-02-07 00:00:00,neutral,0,0
2133,2023-02-08 00:00:00,hawkish,1,0
2134,2023-02-10 00:00:00,hawkish,1,0
2135,2023-02-13 00:00:00,hawkish,1,0
2136,2023-02-14 00:00:00,hawkish,1,0
2137,2023-02-15 00:00:00,neutral,0,0
2138,2023-02-22 00:00:00,hawkish,1,0
2139,2023-02-24 00:00:00,hawkish,1,0
2140,2023-02-27 00:00:00,hawkish,1,0
2141,2023-03-02 00:00:00,hawkish,1,0
2142,2023-03-03 00:00:00,hawkish,1,0
2143,2023-03-07 00:00:00,hawkish,1,0
2144,2023-03-09 00:00:00,hawkish,1,0
2145,2023-03-14 00:00:00,hawkish,1,0
2146,2023-03-27 00:00:00,hawkish,1,0
2147,2023-03-29 00:00:00,neutral,0,0
2148,2023-03-31 00:00:00,hawkish,1,0
2149,2023-03-31 00:00:00,hawkish,1,0
2150,2023-04-04 00:00:00,neutral,0,0
2151,2023-04-14 00:00:00,hawkish,1,0
2152,2023-04-14 00:00:00,neutral,0,0
2153,2023-04-18 00:00:00,hawkish,1,0
2154,2023-04-19 00:00:00,hawkish,1,0
2155,2023-04-20 00:00:00,hawkish,1,0
2156,2023-04-20 00:00:00,hawkish,1,0
2157,2023-04-21 00:00:00,neutral,0,0
2158,2023-05-05 00:00:00,neutral,0,0
2159,2023-05-09 00:00:00,hawkish,1,0
2160,2023-05-11 00:00:00,hawkish,1,0
2161,2023-05-12 00:00:00,hawkish,1,0
2162,2023-05-12 00:00:00,hawkish,1,0
2163,2023-05-18 00:00:00,hawkish,1,0
2164,2023-05-19 00:00:00,neutral,0,0
2165,2023-05-19 00:00:00,neutral,0,0
2166,2023-05-24 00:00:00,hawkish,1,0
2167,2023-05-31 00:00:00,hawkish,1,0
2168,2023-05-31 00:00:00,hawkish,1,0
2169,2023-06-16 00:00:00,hawkish,1,0
2170,2023-06-21 00:00:00,hawkish,1,0
2171,2023-06-22 00:00:00,neutral,0,0
2172,2023-06-25 00:00:00,neutral,0,0
2173,2023-06-29 00:00:00,hawkish,1,0
2174,2023-07-10 00:00:00,hawkish,1,0
2175,2023-07-13 00:00:00,hawkish,1,0
2176,2023-07-18 00:00:00,neutral,0,0
2177,2023-08-05 00:00:00,hawkish,1,0
2178,2023-08-07 00:00:00,neutral,0,0
2179,2023-08-22 00:00:00,neutral,0,0
2180,2023-08-25 00:00:00,hawkish,1,0
2181,2023-09-08 00:00:00,neutral,0,0
2182,2023-09-22 00:00:00,hawkish,1,0
2183,2023-09-22 00:00:00,neutral,0,0
2184,2023-09-26 00:00:00,neutral,0,0
2185,2023-09-27 00:00:00,neutral,0,0
2186,2023-09-28 00:00:00,neutral,0,0
2187,2023-09-28 00:00:00,hawkish,1,0
2188,2023-09-29 00:00:00,hawkish,1,0
2189,2023-10-02 00:00:00,neutral,0,0
2190,2023-10-02 00:00:00,hawkish,1,0
2191,2023-10-04 00:00:00,neutral,0,0
2192,2023-10-07 00:00:00,hawkish,1,0
2193,2023-10-09 00:00:00,neutral,0,0
2194,2023-10-09 00:00:00,neutral,0,0
2195,2023-10-10 00:00:00,hawkish,1,0
2196,2023-10-11 00:00:00,hawkish,1,0
2197,2023-10-17 00:00:00,hawkish,1,0
2198,2023-10-18 00:00:00,hawkish,1,0
2199,2023-10-18 00:00:00,hawkish,1,0
2200,2023-10-18 00:00:00,neutral,0,0
2201,2023-10-19 00:00:00,neutral,0,0
2202,2023-10-19 00:00:00,hawkish,1,0
2203,2023-10-19 00:00:00,neutral,0,0
2204,2023-10-25 00:00:00,hawkish,1,0
2205,2023-10-26 00:00:00,neutral,0,0
2206,2023-10-27 00:00:00,neutral,0,0
2207,2023-11-06 00:00:00,neutral,0,0
2208,2023-11-07 00:00:00,hawkish,1,0
2209,2023-11-07 00:00:00,hawkish,1,0
2210,2023-11-08 00:00:00,neutral,0,0
2211,2023-11-08 00:00:00,hawkish,1,0
2212,2023-11-08 00:00:00,neutral,0,0
2213,2023-11-09 00:00:00,hawkish,1,0
2214,2023-11-09 00:00:00,hawkish,1,0
2215,2023-11-13 00:00:00,neutral,0,0
2216,2023-11-14 00:00:00,neutral,0,0
2217,2023-11-16 00:00:00,neutral,0,0
2218,2023-11-16 00:00:00,neutral,0,0
2219,2023-11-16 00:00:00,neutral,0,0
2220,2023-11-16 00:00:00,hawkish,1,0
2221,2023-11-28 00:00:00,neutral,0,0
2222,2023-11-28 00:00:00,hawkish,1,0
2223,2023-11-28 00:00:00,neutral,0,0
2224,2023-11-30 00:00:00,hawkish,1,0
2225,2023-12-01 00:00:00,neutral,0,0
2226,2023-12-05 00:00:00,hawkish,1,0
2227,2024-01-10 00:00:00,hawkish,1,0
2228,2024-01-16 00:00:00,hawkish,1,0
2229,2024-01-17 00:00:00,neutral,0,0
2230,2024-01-17 00:00:00,neutral,0,0
2231,2024-02-02 00:00:00,hawkish,1,0
2232,2024-02-07 00:00:00,hawkish,1,0
2233,2024-02-07 00:00:00,neutral,0,0
2234,2024-02-12 00:00:00,hawkish,1,0
2235,2024-02-14 00:00:00,neutral,0,0
2236,2024-02-15 00:00:00,neutral,0,0
2237,2024-02-15 00:00:00,neutral,0,0
2238,2024-02-16 00:00:00,neutral,0,0
2239,2024-02-22 00:00:00,neutral,0,0
2240,2024-02-22 00:00:00,neutral,0,0
2241,2024-02-27 00:00:00,hawkish,1,0
2242,2024-02-27 00:00:00,neutral,0,0
2243,2024-02-28 00:00:00,neutral,0,0
2244,2024-03-01 00:00:00,hawkish,1,0
2245,2024-03-01 00:00:00,neutral,0,0
2246,2024-03-05 00:00:00,neutral,0,0
2247,2024-03-06 00:00:00,neutral,0,0
2248,2024-03-07 00:00:00,hawkish,1,0
2249,2024-03-25 00:00:00,neutral,0,0
2250,2024-03-27 00:00:00,hawkish,1,0
2251,2024-04-01 00:00:00,neutral,0,0
2252,2024-04-02 00:00:00,neutral,0,0
2253,2024-04-03 00:00:00,neutral,0,0
2254,2024-04-03 00:00:00,neutral,0,0
2255,2024-04-03 00:00:00,neutral,0,0
2256,2024-04-04 00:00:00,neutral,0,0
2257,2024-04-05 00:00:00,hawkish,1,0
2258,2024-04-11 00:00:00,hawkish,1,0
2259,2024-04-16 00:00:00,neutral,0,0
2260,2024-04-18 00:00:00,hawkish,1,0
2261,2024-05-03 00:00:00,neutral,0,0
2262,2024-05-03 00:00:00,hawkish,1,0
2263,2024-05-04 00:00:00,neutral,0,0
2264,2024-05-08 00:00:00,neutral,0,0
2265,2024-05-10 00:00:00,neutral,0,0
2266,2024-05-10 00:00:00,neutral,0,0
2267,2024-05-13 00:00:00,neutral,0,0
2268,2024-05-14 00:00:00,dovish,0,1
2269,2024-05-15 00:00:00,hawkish,1,0
2270,2024-05-17 00:00:00,neutral,0,0
2271,2024-05-17 00:00:00,hawkish,1,0
2272,2024-05-18 00:00:00,neutral,0,0
2273,2024-05-19 00:00:00,neutral,0,0
2274,2024-05-20 00:00:00,neutral,0,0
2275,2024-05-20 00:00:00,hawkish,1,0
2276,2024-05-20 00:00:00,neutral,0,0
2277,2024-05-21 00:00:00,neutral,0,0
2278,2024-05-24 00:00:00,hawkish,1,0
2279,2024-05-28 00:00:00,hawkish,1,0
2280,2024-05-30 00:00:00,neutral,0,0
2281,2024-06-14 00:00:00,neutral,0,0
2282,2024-06-17 00:00:00,neutral,0,0
2283,2024-06-17 00:00:00,neutral,0,0
2284,2024-06-18 00:00:00,dovish,0,1
2285,2024-06-24 00:00:00,neutral,0,0
2286,2024-06-25 00:00:00,neutral,0,0
2287,2024-06-25 00:00:00,hawkish,1,0
2288,2024-06-26 00:00:00,hawkish,1,0
2289,2024-06-27 00:00:00,hawkish,1,0
2290,2024-07-03 00:00:00,neutral,0,0
2291,2024-07-05 00:00:00,neutral,0,0
2292,2024-07-09 00:00:00,neutral,0,0
2293,2024-07-09 00:00:00,neutral,0,0
2294,2024-07-10 00:00:00,neutral,0,0
2295,2024-07-10 00:00:00,neutral,0,0
2296,2024-07-16 00:00:00,neutral,0,0
2297,2024-07-17 00:00:00,hawkish,1,0
2298,2024-07-18 00:00:00,hawkish,1,0
2299,2024-07-24 00:00:00,neutral,0,0
2300,2024-08-10 00:00:00,hawkish,1,0
2301,2024-08-19 00:00:00,neutral,0,0
2302,2024-08-20 00:00:00,hawkish,1,0
2303,2024-08-23 00:00:00,neutral,0,0
2304,2024-08-28 00:00:00,neutral,0,0
2305,2024-09-06 00:00:00,hawkish,1,0
2306,2024-09-06 00:00:00,neutral,0,0
2307,2024-09-10 00:00:00,neutral,0,0
2308,2024-09-10 00:00:00,hawkish,1,0
2309,2024-09-24 00:00:00,hawkish,1,0
2310,2024-09-25 00:00:00,neutral,0,0
2311,2024-09-26 00:00:00,neutral,0,0
2312,2024-09-26 00:00:00,dovish,0,1
2313,2024-09-26 00:00:00,neutral,0,0
2314,2024-09-26 00:00:00,neutral,0,0
2315,2024-09-30 00:00:00,neutral,0,0
2316,2024-10-01 00:00:00,neutral,0,0
2317,2024-10-02 00:00:00,neutral,0,0
2318,2024-10-04 00:00:00,dovish,0,1
2319,2024-10-08 00:00:00,hawkish,1,0
2320,2024-10-08 00:00:00,neutral,0,0
2321,2024-10-09 00:00:00,neutral,0,0
2322,2024-10-10 00:00:00,neutral,0,0
2323,2024-10-10 00:00:00,neutral,0,0
2324,2024-10-11 00:00:00,neutral,0,0
2325,2024-10-14 00:00:00,hawkish,1,0
2326,2024-10-18 00:00:00,neutral,0,0
2327,2024-10-23 00:00:00,hawkish,1,0
2328,2024-11-12 00:00:00,neutral,0,0
2329,2024-11-14 00:00:00,neutral,0,0
2330,2024-11-14 00:00:00,neutral,0,0
2331,2024-11-15 00:00:00,neutral,0,0
2332,2024-11-20 00:00:00,neutral,0,0
2333,2024-11-20 00:00:00,hawkish,1,0
2334,2024-12-02 00:00:00,hawkish,1,0
2335,2024-12-03 00:00:00,neutral,0,0
2336,2024-12-08 00:00:00,hawkish,1,0
2337,2025-01-06 00:00:00,neutral,0,0
2338,2025-01-08 00:00:00,hawkish,1,0
2339,2025-01-09 00:00:00,hawkish,1,0
2340,2025-01-31 00:00:00,hawkish,1,0
2341,2025-02-05 00:00:00,hawkish,1,0
2342,2025-02-05 00:00:00,neutral,0,0
2343,2025-02-05 00:00:00,neutral,0,0
2344,2025-02-07 00:00:00,neutral,0,0
2345,2025-02-11 00:00:00,neutral,0,0
2346,2025-02-11 00:00:00,neutral,0,0
2347,2025-02-12 00:00:00,neutral,0,0
2348,2025-02-17 00:00:00,hawkish,1,0
2349,2025-02-17 00:00:00,dovish,0,1
2350,2025-02-18 00:00:00,neutral,0,0
2351,2025-02-19 00:00:00,neutral,0,0
2352,2025-02-20 00:00:00,hawkish,1,0
2353,2025-02-20 00:00:00,hawkish,1,0
2354,2025-02-21 00:00:00,neutral,0,0
2355,2025-02-25 00:00:00,neutral,0,0
2356,2025-02-27 00:00:00,neutral,0,0
2357,2025-02-27 00:00:00,neutral,0,0
2358,2025-03-07 00:00:00,neutral,0,0
2359,2025-03-07 00:00:00,neutral,0,0
2360,2025-03-07 00:00:00,neutral,0,0
2361,2025-03-07 00:00:00,hawkish,1,0
2362,2025-03-21 00:00:00,neutral,0,0
2363,2025-03-24 00:00:00,dovish,0,1
2364,2025-03-25 00:00:00,neutral,0,0
2365,2025-03-25 00:00:00,neutral,0,0
2366,2025-04-02 00:00:00,hawkish,1,0
2367,2025-04-03 00:00:00,neutral,0,0
2368,2025-04-03 00:00:00,neutral,0,0
2369,2025-04-04 00:00:00,neutral,0,0
2370,2025-04-04 00:00:00,neutral,0,0
2371,2025-04-11 00:00:00,neutral,0,0
2372,2025-04-14 00:00:00,neutral,0,0
2373,2025-04-15 00:00:00,neutral,0,0
2374,2025-04-16 00:00:00,neutral,0,0
2375,2025-04-17 00:00:00,neutral,0,0
2376,2025-04-22 00:00:00,neutral,0,0
2377,2025-04-22 00:00:00,dovish,0,1
2378,2025-04-23 00:00:00,neutral,0,0
2379,2025-05-03 00:00:00,neutral,0,0
2380,2025-05-09 00:00:00,neutral,0,0
2381,2025-05-09 00:00:00,hawkish,1,0
2382,2025-05-12 00:00:00,neutral,0,0
2383,2025-05-14 00:00:00,hawkish,1,0
2384,2025-05-14 00:00:00,neutral,0,0
2385,2025-05-15 00:00:00,neutral,0,0
2386,2025-05-18 00:00:00,neutral,0,0
2387,2025-05-19 00:00:00,neutral,0,0
2388,2025-05-20 00:00:00,neutral,0,0
2389,2025-05-23 00:00:00,neutral,0,0
2390,2025-05-29 00:00:00,neutral,0,0
2391,2025-06-01 00:00:00,hawkish,1,0
2392,2025-06-02 00:00:00,neutral,0,0
2393,2025-06-03 00:00:00,neutral,0,0
2394,2025-06-04 00:00:00,neutral,0,0
2395,2025-06-05 00:00:00,neutral,0,0
2396,2025-06-06 00:00:00,neutral,0,0
2397,2025-06-23 00:00:00,hawkish,1,0
2398,2025-06-23 00:00:00,neutral,0,0
2399,2025-06-23 00:00:00,neutral,0,0
2400,2025-06-24 00:00:00,neutral,0,0
2401,2025-06-24 00:00:00,neutral,0,0
2402,2025-06-26 00:00:00,neutral,0,0
2403,2025-07-10 00:00:00,neutral,0,0
2404,2025-07-15 00:00:00,neutral,0,0
2405,2025-07-15 00:00:00,neutral,0,0
2406,2025-07-16 00:00:00,neutral,0,0
2407,2025-07-16 00:00:00,neutral,0,0
2408,2025-07-17 00:00:00,neutral,0,0
2409,2025-07-17 00:00:00,neutral,0,0
2410,2025-07-17 00:00:00,dovish,0,1
2411,2025-08-09 00:00:00,neutral,0,0
2412,2025-08-19 00:00:00,neutral,0,0
2413,2025-08-20 00:00:00,neutral,0,0
2414,2025-08-22 00:00:00,neutral,0,0
2415,2025-08-25 00:00:00,neutral,0,0
2416,2025-08-28 00:00:00,hawkish,1,0
2417,2025-09-04 00:00:00,neutral,0,0
2418,2025-09-22 00:00:00,neutral,0,0
2419,2025-09-23 00:00:00,neutral,0,0
2420,2025-09-23 00:00:00,hawkish,1,0
