{
  "macro_index": {
    "indices": [
      50,
      85,
      125,
      160,
      240,
      270,
      295,
      320
    ],
    "dates": [
      "2001-01-01",
      "2003-12-01",
      "2007-04-01",
      "2010-03-01",
      "2016-11-01",
      "2019-05-01",
      "2021-06-01",
      "2023-07-01"
    ]
  },
  "inflation_index": {
    "indices": [
      30,
      55,
      65,
      90,
      125,
      140,
      215,
      235,
      260,
      285,
      310,
      325
    ],
    "dates": [
      "1999-05-01",
      "2001-06-01",
      "2002-04-01",
      "2004-05-01",
      "2007-04-01",
      "2008-07-01",
      "2014-10-01",
      "2016-06-01",
      "2018-07-01",
      "2020-08-01",
      "2022-09-01",
      "2023-12-01"
    ]
  }
}