{
  "metadata": {
    "created": "2026-01-10T13:38:48.723747",
    "parameters": {
      "rolling_window": 12,
      "regression_window": 36,
      "pelt_penalty": 4,
      "start_date": "1996-01-01",
      "end_date": "2025-05-01"
    },
    "fred_series": {
      "FEDFUNDS": "FED Funds Rate",
      "CPIAUCNS": "CPI",
      "PPIACO": "PPI",
      "GDP": "GDP",
      "UNRATE": "Unemployment",
      "PAYEMS": "Nonfarm Payrolls"
    }
  },
  "data_files": {
    "raw_macro": "raw_macro.csv",
    "scaled_macro": "scaled_macro.csv",
    "rolling_mean": "rolling_mean.csv",
    "rolling_std": "rolling_std.csv",
    "pca_components": "pca_components.csv",
    "pca_loadings": "pca_loadings.csv",
    "eigenvectors": "eigenvectors.csv",
    "sentiment_standardized": "sentiment_standardized.csv",
    "sentiment_raw": "sentiment_raw.csv",
    "speeches_summary": "speeches_summary.csv",
    "merged_macro": "merged_macro.csv",
    "merged_inflation": "merged_inflation.csv",
    "betas_macro": "betas_macro.csv",
    "betas_inflation": "betas_inflation.csv",
    "r2_macro": "r2_macro.csv",
    "r2_inflation": "r2_inflation.csv",
    "corr_macro": "corr_macro.csv",
    "corr_inflation": "corr_inflation.csv"
  },
  "summary_stats": {
    "n_macro_observations": 353,
    "variance_2pcs": 71.76024968029256,
    "n_macro_breakpoints": 8,
    "n_inflation_breakpoints": 12,
    "n_speeches": 2421,
    "n_monthly_sentiment": 276,
    "macro_hawkish_correlation": 0.0054
  },
  "breakpoints": {
    "macro_index": {
      "indices": [
        50,
        85,
        125,
        160,
        240,
        270,
        295,
        320
      ],
      "dates": [
        "2001-01-01",
        "2003-12-01",
        "2007-04-01",
        "2010-03-01",
        "2016-11-01",
        "2019-05-01",
        "2021-06-01",
        "2023-07-01"
      ]
    },
    "inflation_index": {
      "indices": [
        30,
        55,
        65,
        90,
        125,
        140,
        215,
        235,
        260,
        285,
        310,
        325
      ],
      "dates": [
        "1999-05-01",
        "2001-06-01",
        "2002-04-01",
        "2004-05-01",
        "2007-04-01",
        "2008-07-01",
        "2014-10-01",
        "2016-06-01",
        "2018-07-01",
        "2020-08-01",
        "2022-09-01",
        "2023-12-01"
      ]
    }
  },
  "eigenvalues": [
    3.7103557422228874,
    1.7685185439101765,
    1.1743862762955528,
    0.4742793597767699,
    0.3035453624690059,
    0.20388576202992498
  ],
  "variance_explained": {
    "individual": [
      48.596854127226656,
      23.163395553065893,
      15.381672950842216,
      6.211933966422774,
      3.9757238188877366,
      2.6704195835547213
    ],
    "cumulative": [
      48.596854127226656,
      71.76024968029256,
      87.14192263113478,
      93.35385659755755,
      97.32958041644528,
      100.0
    ]
  },
  "sentiment_summary": {
    "hawkish": {
      "count": 413,
      "pct": 17.06
    },
    "dovish": {
      "count": 713,
      "pct": 29.45
    },
    "neutral": {
      "count": 1295,
      "pct": 53.49
    },
    "total": 2421
  },
  "regime_stats": {
    "macro": [
      {
        "regime": 1,
        "start_idx": 0,
        "end_idx": 50,
        "start_date": "1996-12-01",
        "end_date": "2001-01-01",
        "n_observations": 50,
        "mean": 0.6805201539183338,
        "std": 1.1068601611830509,
        "min": -1.919989935581556,
        "max": 2.5738426384388178
      },
      {
        "regime": 2,
        "start_idx": 50,
        "end_idx": 85,
        "start_date": "2001-02-01",
        "end_date": "2003-12-01",
        "n_observations": 35,
        "mean": -2.657080741845004,
        "std": 1.1610166345936739,
        "min": -4.4368437185697385,
        "max": 0.15596562686471738
      },
      {
        "regime": 3,
        "start_idx": 85,
        "end_idx": 125,
        "start_date": "2004-01-01",
        "end_date": "2007-04-01",
        "n_observations": 40,
        "mean": 1.6247882756163734,
        "std": 0.5792892104520656,
        "min": 0.27471647314929837,
        "max": 2.820875761186643
      },
      {
        "regime": 4,
        "start_idx": 125,
        "end_idx": 160,
        "start_date": "2007-05-01",
        "end_date": "2010-03-01",
        "n_observations": 35,
        "mean": -2.780864949433609,
        "std": 1.3965129566905485,
        "min": -5.108020268231343,
        "max": 1.1283039658711922
      },
      {
        "regime": 5,
        "start_idx": 160,
        "end_idx": 240,
        "start_date": "2010-04-01",
        "end_date": "2016-11-01",
        "n_observations": 80,
        "mean": 0.7558493314605931,
        "std": 0.7266344953286462,
        "min": -0.7431285975442347,
        "max": 2.644285844908894
      },
      {
        "regime": 6,
        "start_idx": 240,
        "end_idx": 270,
        "start_date": "2016-12-01",
        "end_date": "2019-05-01",
        "n_observations": 30,
        "mean": 1.7484182650302926,
        "std": 0.6762789026283292,
        "min": -0.015316641634114392,
        "max": 2.6387334029262535
      },
      {
        "regime": 7,
        "start_idx": 270,
        "end_idx": 295,
        "start_date": "2019-06-01",
        "end_date": "2021-06-01",
        "n_observations": 25,
        "mean": -1.4166459866592769,
        "std": 1.9677500720468437,
        "min": -7.110646351229468,
        "max": 1.0389908189816217
      },
      {
        "regime": 8,
        "start_idx": 295,
        "end_idx": 320,
        "start_date": "2021-07-01",
        "end_date": "2023-07-01",
        "n_observations": 25,
        "mean": 1.333314175979172,
        "std": 0.7921902816352115,
        "min": -0.24662720301113783,
        "max": 2.7922167046859987
      },
      {
        "regime": 9,
        "start_idx": 320,
        "end_idx": 340,
        "start_date": "2023-08-01",
        "end_date": "2025-05-01",
        "n_observations": 20,
        "mean": -0.9763319363286922,
        "std": 0.7938992969585316,
        "min": -2.8047128012705684,
        "max": -0.07462258469132044
      }
    ],
    "inflation": [
      {
        "regime": 1,
        "start_idx": 0,
        "end_idx": 30,
        "start_date": "1996-12-01",
        "end_date": "1999-05-01",
        "n_observations": 30,
        "mean": -1.0251335949262546,
        "std": 1.0435200137031173,
        "min": -2.7622954500219743,
        "max": 1.4222478204266276
      },
      {
        "regime": 2,
        "start_idx": 30,
        "end_idx": 55,
        "start_date": "1999-06-01",
        "end_date": "2001-06-01",
        "n_observations": 25,
        "mean": 0.7930207739477259,
        "std": 0.4979283739925081,
        "min": 0.025639577008790493,
        "max": 2.131102570733356
      },
      {
        "regime": 3,
        "start_idx": 55,
        "end_idx": 65,
        "start_date": "2001-07-01",
        "end_date": "2002-04-01",
        "n_observations": 10,
        "mean": -0.9406201520861058,
        "std": 0.6532484650082337,
        "min": -1.7660138128808525,
        "max": 0.38632148967523483
      },
      {
        "regime": 4,
        "start_idx": 65,
        "end_idx": 90,
        "start_date": "2002-05-01",
        "end_date": "2004-05-01",
        "n_observations": 25,
        "mean": 1.2247713737143129,
        "std": 0.6974497971076589,
        "min": 0.1931401673703711,
        "max": 2.674202461245598
      },
      {
        "regime": 5,
        "start_idx": 90,
        "end_idx": 125,
        "start_date": "2004-06-01",
        "end_date": "2007-04-01",
        "n_observations": 35,
        "mean": 0.17396412040878537,
        "std": 0.7757289332120915,
        "min": -2.048798452210493,
        "max": 1.762044999274973
      },
      {
        "regime": 6,
        "start_idx": 125,
        "end_idx": 140,
        "start_date": "2007-05-01",
        "end_date": "2008-07-01",
        "n_observations": 15,
        "mean": 1.8488442154770168,
        "std": 0.5217988591634516,
        "min": 0.846181551470706,
        "max": 2.6214153622231655
      },
      {
        "regime": 7,
        "start_idx": 140,
        "end_idx": 215,
        "start_date": "2008-08-01",
        "end_date": "2014-10-01",
        "n_observations": 75,
        "mean": 0.13356455954816718,
        "std": 1.2844776602406582,
        "min": -2.4303899673239413,
        "max": 2.5846224507922044
      },
      {
        "regime": 8,
        "start_idx": 215,
        "end_idx": 235,
        "start_date": "2014-11-01",
        "end_date": "2016-06-01",
        "n_observations": 20,
        "mean": -2.2922701450547507,
        "std": 1.1076503755159133,
        "min": -4.159816226576854,
        "max": -0.08059586327216506
      },
      {
        "regime": 9,
        "start_idx": 235,
        "end_idx": 260,
        "start_date": "2016-07-01",
        "end_date": "2018-07-01",
        "n_observations": 25,
        "mean": 0.39799285346832397,
        "std": 0.38869250620149676,
        "min": -0.47834381657665387,
        "max": 1.1426279965738848
      },
      {
        "regime": 10,
        "start_idx": 260,
        "end_idx": 285,
        "start_date": "2018-08-01",
        "end_date": "2020-08-01",
        "n_observations": 25,
        "mean": -0.9861975908662366,
        "std": 0.8125766107159899,
        "min": -2.9831519397623585,
        "max": 0.12078015741664927
      },
      {
        "regime": 11,
        "start_idx": 285,
        "end_idx": 310,
        "start_date": "2020-09-01",
        "end_date": "2022-09-01",
        "n_observations": 25,
        "mean": 0.827471862147943,
        "std": 0.6620702800128534,
        "min": -0.5018970183749651,
        "max": 2.2225372476851217
      },
      {
        "regime": 12,
        "start_idx": 310,
        "end_idx": 325,
        "start_date": "2022-10-01",
        "end_date": "2023-12-01",
        "n_observations": 15,
        "mean": -1.3892404870659047,
        "std": 0.5649720598091899,
        "min": -2.4043188617046,
        "max": -0.21153996995391622
      },
      {
        "regime": 13,
        "start_idx": 325,
        "end_idx": 340,
        "start_date": "2024-01-01",
        "end_date": "2025-05-01",
        "n_observations": 15,
        "mean": 0.438599223523686,
        "std": 0.9547389031538219,
        "min": -1.6422492977067282,
        "max": 2.151161178305947
      }
    ]
  },
  "descriptive_stats": {
    "raw_macro": {
      "FED Funds Rate": {
        "count": 353.0,
        "mean": 2.4093767705382434,
        "std": 2.2039536161860953,
        "min": 0.05,
        "25%": 0.16,
        "50%": 1.74,
        "75%": 4.94,
        "max": 6.54
      },
      "CPI": {
        "count": 353.0,
        "mean": 221.92347875354102,
        "std": 43.86372674222024,
        "min": 154.4,
        "25%": 183.8,
        "50%": 218.815,
        "75%": 247.867,
        "max": 321.465
      },
      "PPI": {
        "count": 353.0,
        "mean": 180.75985835694053,
        "std": 41.015960192653466,
        "min": 122.3,
        "25%": 138.0,
        "50%": 185.7,
        "75%": 202.7,
        "max": 280.251
      },
      "GDP": {
        "count": 353.0,
        "mean": 16402.73585552408,
        "std": 5899.285015895354,
        "min": 7868.468,
        "25%": 11312.766,
        "50%": 15141.607,
        "75%": 20037.088,
        "max": 30485.729
      },
      "Unemployment": {
        "count": 353.0,
        "mean": 5.547308781869689,
        "std": 1.8512280501298142,
        "min": 3.4,
        "25%": 4.2,
        "50%": 5.0,
        "75%": 6.1,
        "max": 14.8
      },
      "Nonfarm Payrolls": {
        "count": 353.0,
        "mean": 137924.70254957507,
        "std": 9870.042503847139,
        "min": 118317.0,
        "25%": 130756.0,
        "50%": 135731.0,
        "75%": 145183.0,
        "max": 159452.0
      }
    },
    "scaled_macro": {
      "FED Funds Rate": {
        "count": 340.0,
        "mean": 0.14224963167143778,
        "std": 1.4750114137522792,
        "min": -3.1754264805439854,
        "25%": -1.099067242893138,
        "50%": 0.4613614827488911,
        "75%": 1.3895657870027152,
        "max": 3.1215148529873082
      },
      "CPI": {
        "count": 340.0,
        "mean": 1.275286780067799,
        "std": 0.7037545306480901,
        "min": -1.922914200447151,
        "25%": 1.0579164618324812,
        "50%": 1.3835931415005276,
        "75%": 1.7177487235447633,
        "max": 2.5370891966702778
      },
      "PPI": {
        "count": 340.0,
        "mean": 0.44389580064506506,
        "std": 1.2721024762449278,
        "min": -2.760726021808073,
        "25%": -0.6880406120301137,
        "50%": 0.84381081288408,
        "75%": 1.5001575420814006,
        "max": 2.445546370637426
      },
      "GDP": {
        "count": 340.0,
        "mean": 1.3107129694955668,
        "std": 0.6633299904350745,
        "min": -2.999589776265045,
        "25%": 1.234225931725919,
        "50%": 1.3887682010997913,
        "75%": 1.6037361264186516,
        "max": 2.2604790663343843
      },
      "Unemployment": {
        "count": 340.0,
        "mean": -0.4595879903867896,
        "std": 1.2600100683440498,
        "min": -2.3452078799152485,
        "25%": -1.419914379656328,
        "50%": -0.918491314346554,
        "75%": 0.6730956847614016,
        "max": 3.1667272256631995
      },
      "Nonfarm Payrolls": {
        "count": 340.0,
        "mean": 0.9398508726493323,
        "std": 1.1481137478445496,
        "min": -3.1641915378871,
        "25%": 1.1592496920201913,
        "50%": 1.4540283986372504,
        "75%": 1.5603077751969858,
        "max": 2.1715509512217173
      }
    },
    "pca_components": {
      "PC1": {
        "count": 340.0,
        "mean": -2.0898315757650005e-16,
        "std": 1.926228372292052,
        "min": -7.110646351229468,
        "25%": -1.0115399318358926,
        "50%": 0.6032085851056023,
        "75%": 1.43385873569388,
        "max": 2.820875761186643
      },
      "PC2": {
        "count": 340.0,
        "mean": 1.0449157878825003e-16,
        "std": 1.3298565877229684,
        "min": -4.159816226576854,
        "25%": -0.9860224034427476,
        "50%": 0.18645751557700596,
        "75%": 0.9258143410070063,
        "max": 2.674202461245598
      },
      "PC3": {
        "count": 340.0,
        "mean": -6.269494727295002e-17,
        "std": 1.0836910428233473,
        "min": -3.1030074897792606,
        "25%": -0.5898109151649555,
        "50%": 0.1870045249046667,
        "75%": 0.7300182018766805,
        "max": 2.2241927814919684
      },
      "PC4": {
        "count": 340.0,
        "mean": 5.224578939412501e-17,
        "std": 0.6886794317944817,
        "min": -1.9074190383403509,
        "25%": -0.40670269105146617,
        "50%": -0.044426039093498404,
        "75%": 0.3187935986579879,
        "max": 2.3387338956850803
      },
      "PC5": {
        "count": 340.0,
        "mean": 6.791952621236252e-17,
        "std": 0.5509495099090349,
        "min": -1.5516302170336067,
        "25%": -0.3004887532766925,
        "50%": -0.033384415083119845,
        "75%": 0.3230423515307159,
        "max": 1.7827253101787377
      },
      "PC6": {
        "count": 340.0,
        "mean": -5.224578939412501e-18,
        "std": 0.4515371103574153,
        "min": -1.8011807099960644,
        "25%": -0.27699163115975145,
        "50%": -0.0004026680054771692,
        "75%": 0.26425940474209664,
        "max": 1.554117516395448
      }
    },
    "sentiment_standardized": {
      "hawkish": {
        "count": 276.0,
        "mean": 0.11570063311855149,
        "std": 1.0638204438493546,
        "min": -1.7350818934643477,
        "25%": -0.6123280518350626,
        "50%": -0.2886751345948099,
        "75%": 0.6326982867930042,
        "max": 3.175426480542943
      },
      "dovish": {
        "count": 276.0,
        "mean": 0.02787858009632223,
        "std": 1.0265285107578055,
        "min": -1.8093671611393671,
        "25%": -0.67700320038633,
        "50%": -0.2886751345948399,
        "75%": 0.7164119508514839,
        "max": 3.1754264805432393
      }
    }
  },
  "correlations": {
    "macro": {
      "Macro Index": {
        "Macro Index": 1.0,
        "hawkish": 0.005417565332481388,
        "dovish": 0.005384877955429761
      },
      "hawkish": {
        "Macro Index": 0.005417565332481388,
        "hawkish": 1.0,
        "dovish": 0.09820177937643519
      },
      "dovish": {
        "Macro Index": 0.005384877955429761,
        "hawkish": 0.09820177937643519,
        "dovish": 1.0
      }
    },
    "inflation": {
      "Inflation Index": {
        "Inflation Index": 1.0,
        "hawkish": 0.0026180550843367995,
        "dovish": -0.025929496366581095
      },
      "hawkish": {
        "Inflation Index": 0.0026180550843367995,
        "hawkish": 1.0,
        "dovish": 0.09820177937643519
      },
      "dovish": {
        "Inflation Index": -0.025929496366581095,
        "hawkish": 0.09820177937643519,
        "dovish": 1.0
      }
    }
  }
}